#{"t_start": 1729962371.660071, "env_id": "None"}
r,l,t
0.406483,5,0.819655
0.551654,7,0.935209
-0.195428,2,1.036368
-0.301895,3,1.126942
-0.5,1,1.2132
-0.017639,3,1.304981
0.492274,4,1.398385
-0.188244,2,1.490467
-0.339019,2,1.579446
-0.5,1,1.664431
-0.281617,2,1.747106
-0.5,1,1.8327
-0.141428,2,1.919954
0.339512,5,2.014474
-0.5,1,2.10007
0.045924,3,2.185542
-0.167306,2,2.273467
-0.199697,2,2.361747
-0.233997,2,2.454098
-0.5,1,2.673052
0.206829,5,2.767166
-0.5,1,2.849269
-0.338103,3,2.937866
0.365078,4,3.027935
-0.214412,3,3.117895
-0.5,1,3.197917
0.263518,4,3.285841
-0.5,1,3.368535
-0.3657,3,3.455134
0.155973,3,3.543761
-0.32678,2,3.628402
-0.170938,3,3.714474
0.126253,4,3.803768
-0.172175,2,3.891406
-0.5,1,3.973367
-0.5,1,4.054882
1.657954,11,4.167896
-0.267524,2,4.253533
-0.5,1,4.33525
-0.342455,2,4.419024
0.73166,5,4.509616
-0.186209,2,4.593702
-0.215592,3,4.678439
0.671537,5,4.77041
0.521849,6,4.86094
-0.218339,2,4.944922
0.21366,4,5.035399
0.15296,3,5.125024
0.768762,5,5.21537
-0.341571,2,5.299962
-0.5,1,5.3835
-0.244738,2,5.468657
0.094165,3,5.555242
-0.174194,2,5.638691
0.030303,3,5.723736
-0.338529,2,5.808388
0.036931,5,5.900995
-0.5,1,5.983446
-0.5,1,6.064479
0.157014,5,6.161452
0.510312,5,6.252365
-0.5,1,6.334563
-0.5,1,6.414369
-0.001425,3,6.500044
-0.334977,2,6.58462
-0.5,1,6.668099
-0.168101,2,6.750244
0.144133,4,6.837366
0.04408,4,6.930372
-0.5,1,7.013462
0.051444,4,7.101207
-0.048263,3,7.18859
0.270746,4,7.277663
1.043144,7,7.375073
0.387089,4,7.463817
2.978811,13,7.57398
1.205551,7,7.669905
-0.5,1,7.75241
0.053082,3,7.838873
-0.349301,2,7.920887
0.565034,4,8.009365
0.92602,6,8.111583
-0.137651,3,8.200118
-0.150433,2,8.289716
1.027416,6,8.380299
-0.5,1,8.462685
-0.040513,3,8.550169
-0.054634,4,8.63913
-0.5,1,8.724099
0.555046,6,8.815371
-0.195118,2,8.90233
-0.257663,2,8.986964
-0.171147,5,9.07692
-0.305914,2,9.163144
0.213889,4,9.252282
2.460523,13,9.371943
-0.5,1,9.453373
0.49083,4,9.544771
0.808453,5,9.633965
-0.018348,3,9.721691
-0.5,1,9.805322
-0.244151,2,9.89148
0.115518,3,9.979114
-0.170141,4,10.065274
0.456582,5,10.155986
-0.5,1,10.241824
0.085362,3,10.330283
-0.228466,2,10.418316
-0.5,1,10.500336
0.960337,7,10.591528
0.119533,3,10.677218
-0.161152,2,10.761376
-0.5,1,10.842461
-0.224715,2,10.924043
-0.248017,2,11.00987
0.414655,6,11.101938
-0.481786,3,11.188507
-0.259076,2,11.273134
-0.5,1,11.357728
-0.5,1,11.440875
-0.034515,3,11.529526
-0.5,1,11.610487
-0.5,1,11.693667
-0.16889,2,11.778781
0.16232,3,11.865591
-0.5,1,11.95031
0.650371,5,12.038926
-0.5,1,12.121744
-0.5,1,12.205923
0.576904,5,12.297413
-0.262127,2,12.38304
-0.001912,3,12.468369
0.438555,4,12.557409
1.217318,6,12.655872
-0.287125,2,12.740919
-0.216045,2,12.827482
-0.5,1,12.911389
-0.187739,2,12.994464
0.101811,3,13.081626
0.779531,8,13.180417
-0.129962,3,13.269985
0.031919,3,13.359874
0.292676,5,13.45838
-0.270921,2,13.542954
1.110973,7,13.639179
0.028852,5,13.730886
0.164077,3,13.819872
-0.5,1,13.90401
1.094448,8,13.999978
-0.282848,2,14.083876
-0.339585,2,14.172462
0.026278,3,14.26065
0.01819,3,14.347659
-0.5,1,14.429702
-0.018437,3,14.515196
1.707021,9,14.61697
0.939103,5,14.711246
-0.261587,2,14.802053
0.375078,5,14.897209
0.078739,4,14.985407
-0.00715,3,15.071383
0.42269,4,15.162505
0.172338,3,15.252177
-0.365272,2,15.33692
0.061998,3,15.42794
-0.135192,2,15.515306
0.507109,4,15.603036
0.305596,4,15.691486
-0.078346,3,15.780883
0.290862,4,15.873365
0.151682,4,15.96269
0.284403,4,16.056385
0.171353,4,16.14407
-0.19531,2,16.227163
0.546904,5,16.320538
2.763267,12,16.427418
0.055083,4,16.519896
-0.5,1,16.604139
1.127594,7,16.699915
-0.062575,3,16.786944
-0.5,1,16.869424
0.193604,4,16.956922
-0.25893,2,17.041075
-0.5,1,17.127376
0.008067,4,17.215495
-0.5,1,17.297871
-0.206347,2,17.381397
1.207462,8,17.47693
-0.5,1,17.559421
-0.158092,3,17.647546
-0.011556,3,17.73716
-0.5,1,17.822395
-0.5,1,17.905212
0.180111,4,17.997216
0.545034,5,18.08739
-0.5,1,18.168834
0.532162,5,18.26084
-0.5,1,18.351206
-0.002438,4,18.44
1.634428,8,18.536392
-0.5,1,18.620604
0.179202,3,18.71581
-0.046877,3,18.810022
0.838847,6,18.909377
-0.20728,2,19.01325
-0.235164,2,19.108395
0.392795,4,19.201411
0.124739,4,19.294581
-0.146567,2,19.382359
0.068293,3,19.471896
-0.070111,3,19.564278
-0.363094,2,19.65791
-0.5,1,19.747382
-0.43262,3,19.837202
-0.5,1,19.922381
-0.5,1,20.006976
-0.283967,2,20.098031
0.440196,7,20.198478
0.226656,4,20.287192
0.582472,7,20.387192
-0.5,1,20.469368
0.024881,3,20.556949
0.015847,3,20.646382
-0.5,1,20.728889
0.88337,6,20.823318
0.112357,3,20.914404
-0.271547,2,21.001691
-0.5,1,21.089501
-0.277043,2,21.179902
-0.5,1,21.265873
0.369172,5,21.364008
-0.5,1,21.4471
0.596093,5,21.539889
-0.349541,2,21.625209
-0.265236,2,21.708388
-0.202258,2,21.794476
-0.529145,3,21.882057
-0.5,1,21.96378
-0.5,1,22.048056
0.744135,6,22.142022
0.999331,6,22.235618
-0.304393,2,22.320118
0.220485,3,22.410365
-0.5,1,22.493885
0.425714,4,22.58597
-0.193185,2,22.671419
-0.271831,3,22.75787
-0.017315,3,22.844505
2.207285,11,22.949989
0.52246,4,23.04438
-0.132346,2,23.12989
-0.250619,2,23.21729
-0.193365,2,23.304016
-0.352498,3,23.393413
-0.205633,2,23.481754
-0.175774,2,23.565474
0.728218,7,23.665417
0.247365,4,23.753372
-0.5,1,23.837373
0.269724,5,23.927983
0.341216,4,24.016987
-0.305517,2,24.102
1.026791,7,24.195368
0.397093,4,24.283435
-0.5,1,24.36469
-0.5,1,24.445379
-0.237174,2,24.529241
-0.217991,2,24.614437
0.090273,3,24.70369
0.049391,3,24.787374
0.827283,6,24.88387
0.365599,5,24.975411
0.613436,5,25.06781
0.470046,5,25.162428
-0.205633,2,25.248383
0.498774,8,25.343381
0.666545,5,25.435955
-0.5,1,25.520959
-0.5,1,25.604095
0.969065,7,25.701911
-0.20578,2,25.784139
0.44061,5,25.875911
-0.007402,3,25.963029
0.339693,5,26.055714
0.081164,4,26.148199
-0.074537,4,26.241
-0.5,1,26.322374
-0.5,1,26.407719
0.335231,4,26.497216
-0.493145,2,26.580923
-0.392383,2,26.666143
-0.166794,2,26.750188
-0.048768,4,26.838399
-0.5,1,26.922977
1.195126,7,27.017868
0.341378,4,27.108371
-0.256298,2,27.197978
0.47101,4,27.289868
0.935328,7,27.384028
0.261837,4,27.480212
-0.171552,2,27.565861
-0.220684,2,27.657914
-0.195704,2,27.744024
0.029194,3,27.836962
0.299468,4,27.930097
0.1124,3,28.023247
0.445941,5,28.117063
-0.5,1,28.199394
-0.196659,2,28.288577
0.888837,6,28.385003
0.051627,4,28.474403
-0.336079,2,28.560498
-0.5,1,28.643902
-0.211667,2,28.726934
0.523463,7,28.82088
-0.255129,2,28.904937
0.74791,5,28.996973
-0.5,1,29.082516
-0.260213,2,29.168267
-0.323806,2,29.252366
0.281593,5,29.345904
-0.02812,3,29.431891
0.15919,4,29.522429
0.084081,5,29.611408
-0.5,1,29.69737
-0.5,1,29.77911
0.322583,4,29.869959
-0.022636,3,29.957242
0.719636,5,30.053548
-0.174859,2,30.138261
-0.251498,2,30.22455
-0.205569,2,30.309464
-0.5,1,30.390369
-0.5,1,30.477202
-0.5,1,30.559877
-0.5,1,30.642913
0.889974,6,30.738101
-0.096175,3,30.826963
-0.5,1,30.912383
-0.18522,2,30.999879
-0.042295,3,31.084225
0.631515,5,31.175369
0.554572,5,31.268977
-0.182256,2,31.353367
0.058719,3,31.443446
-0.156942,3,31.535513
-0.155618,2,31.621882
-0.113029,3,31.711365
-0.5,1,31.793486
0.076854,3,31.878448
-0.323887,2,31.965356
0.466947,5,32.060391
1.396635,9,32.157101
-0.5,1,32.241386
-0.5,1,32.323356
0.07797,4,32.411962
-0.395827,2,32.499947
-0.225802,4,32.619939
0.068201,3,32.706093
1.589827,9,32.805401
-0.5,1,32.885691
-0.5,1,32.968469
-0.221842,3,33.056919
-0.054006,3,33.184888
0.398347,4,33.27611
-0.236187,2,33.360875
0.098738,3,33.450385
1.267804,11,33.556999
-0.169953,2,33.644386
-0.225311,2,33.7303
-0.055047,3,33.817464
0.052631,4,33.9079
0.11313,4,34.019019
-0.222726,3,34.109915
0.319196,4,34.200884
1.211891,6,34.296901
-0.5,1,34.379411
0.923934,6,34.474367
0.813933,5,34.565764
-0.174184,2,34.651003
0.02961,3,34.735071
-0.226244,2,34.821873
-0.203909,2,34.905445
-0.006824,3,34.992429
0.129369,3,35.078882
-0.267675,2,35.163964
0.116471,3,35.250549
0.389342,5,35.340889
0.014921,3,35.428294
0.005916,3,35.514369
0.223844,4,35.602446
-0.216891,2,35.689893
-0.5,1,35.77346
1.488879,8,35.874465
-0.09291,3,35.962381
-0.5,1,36.046083
0.953924,7,36.146342
0.183589,4,36.235933
-0.101667,3,36.323974
0.02699,5,36.414892
1.105276,7,36.509532
0.149806,3,36.597396
0.095116,4,36.684917
-0.03487,4,36.775884
-0.23772,2,36.86052
-0.195505,5,36.953727
-0.193658,2,37.045934
-0.5,1,37.130457
-0.065261,4,37.218874
0.611162,6,37.314365
-0.196742,2,37.398982
-0.5,1,37.481559
-0.5,1,37.564947
-0.206533,2,37.649936
0.968306,6,37.742024
-0.5,1,37.82478
-0.341835,2,37.909366
-0.318321,3,37.99732
0.365455,4,39.133722
-0.541802,2,39.2232
-0.240249,3,39.310365
0.025711,3,39.39557
-0.145889,2,39.480959
-0.230936,3,39.569045
0.378857,6,39.664088
0.280851,5,39.758573
0.577865,5,39.851379
-0.059736,3,39.937015
0.08289,3,40.023912
0.227982,4,40.111438
-0.5,1,40.195516
3.247923,16,40.307375
-0.020734,3,40.395374
-0.257529,2,40.483225
-0.178461,2,40.566092
0.0982,3,40.652409
0.216506,5,40.741882
-0.177072,2,40.825634
0.198162,4,40.914367
-0.332129,3,40.999011
-0.017357,3,41.085872
-0.243635,2,41.175059
-0.5,1,41.25898
-0.006658,5,41.350209
0.452241,5,41.440623
-0.5,1,41.522828
0.039386,3,41.609366
-0.5,1,41.69637
0.204871,3,41.786112
0.143522,4,41.875204
-0.182415,2,41.959952
-0.5,1,42.040741
0.093691,3,42.129347
0.483986,5,42.22238
0.222466,4,42.310419
0.693908,6,42.403955
-0.304077,2,42.48941
0.578992,5,42.580305
-0.142693,2,42.666058
-0.5,1,42.747377
0.110061,3,42.833932
-0.173378,2,42.920526
0.432871,5,43.012916
-0.186706,2,43.097216
0.438698,5,43.193664
-0.250758,2,43.277447
-0.207863,3,43.363593
-0.055912,3,43.450447
-0.206604,2,43.535423
0.473591,6,43.63107
-0.5,1,43.714414
-0.244942,2,43.798026
-0.200169,2,43.883075
-0.544694,3,43.969052
0.552852,5,44.059445
0.021581,3,44.146947
0.283754,5,44.241898
-0.345265,2,44.330477
0.383342,8,44.429155
-0.042729,3,44.513863
0.074506,3,44.601033
-0.180365,2,44.683968
-0.5,1,44.770987
-0.037374,3,44.856918
-0.5,1,44.940477
0.051067,3,45.028411
0.496155,5,45.118713
-0.234818,2,45.205873
-0.5,1,45.291474
-0.162689,2,45.377785
0.136918,4,45.468029
0.563868,4,45.556833
0.238698,4,45.647757
-0.15494,2,45.733365
0.553515,5,45.826971
0.013362,4,45.915542
0.437615,4,46.006019
-0.186706,2,46.089753
0.121165,5,46.180954
-0.5,1,46.262877
-0.5,1,46.349418
0.605354,5,46.439561
-0.181968,2,46.524958
0.081944,3,46.614688
-0.5,1,46.697719
0.261069,5,46.789302
-0.5,1,46.87299
-0.5,1,46.956233
-0.5,1,47.038523
0.063005,3,47.126926
-0.5,1,47.219011
-0.5,1,47.303125
-0.5,1,47.387249
0.038864,3,47.472569
0.198125,5,47.56227
-0.5,1,47.643766
0.189824,4,47.733664
0.2358,3,47.818892
-0.5,1,47.900119
-0.5,1,47.984519
-0.5,1,48.068924
-0.214577,2,48.154354
-0.5,1,48.238429
0.058459,3,48.325895
-0.296351,2,48.414643
-0.268863,2,48.497011
-0.255522,2,48.582551
-0.042251,3,48.668878
-0.5,1,48.75089
1.161132,8,48.844692
0.111604,3,48.932903
0.000113,3,49.017075
-0.249223,2,49.10073
-0.5,1,49.182691
0.366695,4,49.273
-0.203208,2,49.355153
0.065363,3,49.440441
1.237909,9,49.543882
0.437538,4,49.632586
-0.147662,2,49.716239
-0.5,1,49.798974
-0.237831,3,49.885486
-0.5,1,49.969295
-0.5,1,50.053191
1.750295,9,50.151884
0.091982,3,50.239388
-0.001682,3,50.325483
-0.5,1,50.408368
-0.307004,2,50.493453
0.092792,3,50.579687
-0.525301,2,50.665559
-0.235315,2,50.747249
-0.5,1,50.830508
-0.135106,3,50.917275
-0.015851,3,51.000941
0.654802,5,51.093539
0.287723,4,51.183954
0.816687,6,51.281677
-0.173856,3,51.366934
0.113068,3,51.455746
0.278955,4,51.545973
-0.19872,3,51.630762
0.300881,4,51.72561
-0.184139,2,51.813345
-0.16359,2,51.943691
-0.219257,2,52.034368
0.114785,3,52.129379
0.127824,3,52.23037
-0.248166,2,52.323521
0.023943,3,52.417867
0.35758,4,52.513338
-0.011456,3,52.612051
-0.5,1,52.714373
1.331722,7,52.824154
-0.5,1,52.914446
0.047348,3,53.009335
-0.120981,3,53.095772
-0.252242,3,53.182716
-0.160723,2,53.27203
0.642695,5,53.362808
-0.013638,3,53.450703
2.810301,13,53.571951
-0.054074,3,53.66342
-0.445324,3,53.750716
-0.5,1,53.838091
-0.5,1,53.92401
-0.5,1,54.012741
1.122066,6,54.109476
0.285092,5,54.209376
0.563407,6,54.310388
-0.5,1,54.401098
-0.173038,2,54.492528
0.105594,3,54.584835
-0.206516,2,54.670411
1.138393,8,54.774928
0.437342,6,54.868935
0.078605,3,54.953635
-0.248579,3,55.03881
0.103139,3,55.128056
-0.283406,2,55.212287
0.059234,3,55.298981
0.267992,4,55.391294
-0.020538,3,55.478736
-0.012359,3,55.564692
-0.18258,2,55.652024
0.209504,4,55.745888
0.266367,4,55.840508
0.03609,3,55.931371
1.208598,6,56.029335
-0.264164,2,56.118661
-0.343957,2,56.209342
0.389267,4,56.303993
0.020538,3,56.39537
-0.5,1,56.481455
-0.223633,2,56.568467
0.968561,7,56.667912
-0.203131,2,56.755955
-0.5,1,56.84132
0.016497,3,56.930419
0.888307,6,57.028104
-0.5,1,57.114291
0.108899,3,57.209504
-0.414454,2,57.310334
-0.5,1,57.396321
0.542576,4,57.500905
-0.045636,3,57.590469
-0.5,1,57.686996
-0.5,1,57.780974
-0.05586,3,57.877244
0.676319,5,57.978667
-0.051791,4,58.084385
1.378701,9,58.18696
-0.262874,2,58.272882
-0.239047,2,58.357896
0.661493,6,58.457026
0.180243,4,58.546255
-0.02055,3,58.63716
-0.5,1,58.724783
-0.5,1,58.808407
0.653193,5,58.902174
-0.07,3,58.987255
0.703352,5,59.078614
-0.31778,2,59.165751
-0.284352,2,59.252146
1.537652,8,59.348021
-0.5,1,60.897372
-0.5,1,60.984708
-0.5,1,61.071201
-0.5,1,61.159904
-0.5,1,61.249404
-0.5,1,61.337392
-0.5,1,61.43732
-0.5,1,61.525991
-0.5,1,61.612408
-0.5,1,61.701218
-0.5,1,61.792508
-0.5,1,61.884118
-0.5,1,61.9709
-0.5,1,62.056918
-0.5,1,62.14718
-0.5,1,62.234365
-0.5,1,62.31537
-0.5,1,62.404193
-0.5,1,62.4885
-0.5,1,62.577134
-0.5,1,62.664415
-0.5,1,62.747375
-0.5,1,62.834409
-0.5,1,62.917287
-0.5,1,63.004222
-0.5,1,63.091475
-0.5,1,63.1802
-0.5,1,63.27181
-0.5,1,63.353371
-0.5,1,63.439074
-0.5,1,63.524447
-0.5,1,63.608329
-0.5,1,63.692487
-0.5,1,63.784483
-0.5,1,63.874994
-0.5,1,63.961069
-0.5,1,64.047498
-0.5,1,64.135106
-0.5,1,64.220708
-0.5,1,64.308369
-0.5,1,64.394558
-0.5,1,64.477137
-0.5,1,64.561687
-0.5,1,64.645876
-0.5,1,64.730099
-0.5,1,64.814368
-0.5,1,64.904693
-0.5,1,64.991403
-0.5,1,65.077519
-0.5,1,65.163695
-0.5,1,65.25028
-0.5,1,65.33588
-0.5,1,65.422968
-0.5,1,65.516325
-0.5,1,65.602988
-0.5,1,65.6895
-0.5,1,65.774827
-0.5,1,65.863593
-0.5,1,65.95108
-0.5,1,66.038059
-0.5,1,66.124953
-0.5,1,66.213605
-0.5,1,66.302142
-0.5,1,66.385728
-0.5,1,66.469447
-0.5,1,66.557042
-0.5,1,66.645625
-0.5,1,66.731365
-0.5,1,66.819
-0.5,1,66.902274
-0.5,1,66.987125
-0.5,1,67.07507
-0.5,1,67.163509
-0.5,1,67.248935
-0.5,1,67.335243
-0.5,1,67.419231
-0.5,1,67.505944
-0.5,1,67.596917
-0.5,1,67.682054
-0.5,1,67.770362
-0.5,1,67.857131
-0.5,1,67.945797
-0.5,1,68.034409
-0.5,1,68.12191
-0.5,1,68.208527
-0.5,1,68.294371
-0.5,1,68.378386
-0.5,1,68.476104
-0.5,1,68.562639
-0.5,1,68.647218
-0.5,1,68.731982
-0.5,1,68.815951
-0.5,1,68.906137
-0.5,1,68.995438
-0.5,1,69.080561
-0.5,1,69.16998
-0.5,1,69.265548
-0.5,1,69.357296
-0.5,1,69.793557
-0.5,1,69.88007
-0.5,1,69.963059
-0.5,1,70.050458
-0.5,1,70.135697
-0.5,1,70.242222
-0.5,1,70.335502
-0.5,1,70.436216
-0.5,1,70.530673
-0.5,1,70.618892
-0.5,1,70.710221
-0.5,1,70.798027
-0.5,1,70.889496
-0.5,1,70.99087
-0.5,1,71.089875
-0.5,1,71.194475
-0.5,1,71.290874
-0.5,1,71.383979
-0.5,1,71.47145
-0.5,1,71.557368
-0.5,1,71.64898
-0.5,1,71.763031
-0.5,1,71.862186
-0.5,1,71.963352
-0.5,1,72.062393
-0.5,1,72.16563
-0.5,1,72.267266
-0.5,1,72.374644
-0.5,1,72.473313
-0.5,1,72.570772
-0.5,1,72.669079
-0.5,1,72.769369
-0.5,1,72.869186
-0.5,1,72.97102
-0.5,1,73.07335
-0.5,1,73.172935
-0.5,1,73.271965
-0.5,1,73.367363
-0.5,1,73.463489
-0.5,1,73.561401
-0.5,1,73.653936
-0.5,1,73.760753
-0.5,1,73.864026
-0.5,1,73.963879
-0.5,1,74.057935
-0.5,1,74.158268
-0.5,1,74.260416
-0.5,1,74.358379
-0.5,1,74.459397
-0.5,1,74.558663
-0.5,1,74.658308
-0.5,1,74.763484
-0.5,1,74.865077
-0.5,1,74.965717
-0.5,1,75.063791
-0.5,1,75.157854
-0.5,1,75.253452
-0.5,1,75.356938
-0.5,1,75.461202
-0.5,1,75.557325
-0.5,1,75.657401
-0.5,1,75.757873
-0.5,1,75.857875
-0.5,1,75.959344
-0.5,1,76.052489
-0.5,1,76.152674
-0.5,1,76.251955
-0.5,1,76.348581
-0.5,1,76.446259
-0.5,1,76.542521
-0.5,1,76.638668
-0.5,1,76.736123
-0.5,1,76.837143
-0.5,1,76.937829
-0.5,1,77.036104
-0.5,1,77.137233
-0.5,1,77.234422
-0.5,1,77.331906
-0.5,1,77.429111
-0.5,1,77.524199
-0.5,1,77.62251
-0.5,1,77.723967
-0.5,1,77.820498
-0.5,1,77.917253
-0.5,1,78.018885
-0.5,1,78.117367
-0.5,1,78.211926
-0.5,1,78.308623
-0.5,1,78.405466
-0.5,1,78.510339
-0.5,1,78.606292
-0.5,1,78.704007
-0.5,1,78.807078
-0.5,1,78.905058
-0.5,1,79.001749
-0.5,1,79.10079
-0.5,1,79.201997
-0.5,1,79.30207
-0.5,1,79.400898
-0.5,1,79.492658
-0.5,1,79.58934
-0.5,1,79.680979
-0.5,1,79.776125
-0.5,1,79.875293
-0.5,1,79.970378
-0.5,1,80.071392
-0.5,1,80.168469
-0.5,1,80.264408
-0.5,1,80.367473
-0.5,1,80.467637
-0.5,1,80.565879
-0.5,1,80.666918
-0.5,1,80.774179
-0.5,1,80.87737
-0.5,1,80.975374
-0.5,1,81.07708
-0.5,1,81.177995
-0.5,1,81.288608
-0.5,1,81.399875
-0.5,1,81.507384
-0.5,1,81.614313
-0.5,1,81.719793
-0.5,1,81.828019
-0.5,1,81.934207
-0.5,1,82.037555
-0.5,1,82.148185
-0.5,1,82.255176
-0.5,1,82.361397
-0.5,1,82.4671
-0.5,1,82.573881
-0.5,1,82.678674
-0.5,1,82.786126
-0.5,1,82.891586
-0.5,1,82.993765
-0.5,1,83.094854
-0.5,1,83.203004
-0.5,1,83.307476
-0.5,1,83.420062
-0.5,1,83.522018
-0.5,1,83.624515
-0.5,1,83.72185
-0.5,1,83.825341
-0.5,1,83.930061
-0.5,1,84.033849
-0.5,1,84.143482
-0.5,1,84.252983
-0.5,1,84.359165
-0.5,1,84.465577
-0.5,1,84.573989
-0.5,1,84.684952
-0.5,1,84.790439
-0.5,1,84.90023
-0.5,1,85.002103
-0.5,1,85.104915
-0.5,1,85.215224
-0.5,1,85.322735
-0.5,1,85.431851
-0.5,1,85.535157
-0.5,1,85.639994
-0.5,1,85.747089
-0.5,1,85.85237
-0.5,1,85.953843
-0.5,1,86.063093
-0.5,1,86.170392
-0.5,1,86.275419
-0.5,1,86.383902
-0.5,1,86.491477
-0.5,1,86.599756
-0.5,1,86.705421
-0.5,1,86.815629
-0.5,1,86.919325
-0.5,1,87.026093
-0.5,1,87.13102
-0.5,1,87.23788
-0.5,1,87.334471
-0.5,1,87.434609
-0.5,1,87.527358
-0.5,1,87.625413
-0.5,1,87.723627
-0.5,1,87.823985
-0.5,1,87.924486
-0.5,1,88.022975
-0.5,1,88.117923
-0.5,1,88.216374
-0.5,1,88.320144
-0.5,1,88.422753
-0.5,1,88.524465
-0.5,1,88.623935
-0.5,1,88.722664
-0.5,1,88.824447
-0.5,1,88.919693
-0.5,1,89.017405
-0.5,1,89.113366
-0.5,1,89.211495
-0.5,1,89.308606
-0.5,1,89.410414
-0.5,1,89.507046
-0.5,1,89.607114
-0.5,1,89.701878
-0.5,1,89.798073
-0.5,1,89.898878
-0.5,1,89.996376
-0.5,1,90.088369
-0.5,1,90.180965
-0.5,1,90.271377
-0.5,1,90.377999
-0.5,1,90.486155
-0.5,1,90.58692
-0.5,1,90.701135
-0.5,1,90.799127
-0.5,1,90.901312
-0.5,1,91.003015
-0.5,1,91.10617
-0.5,1,91.20902
-0.5,1,91.313518
-0.5,1,91.412718
-0.5,1,91.529104
-0.5,1,91.628679
-0.5,1,91.728603
-0.5,1,91.829274
-0.5,1,91.928092
-0.5,1,92.026208
-0.5,1,92.125098
-0.5,1,92.230789
-0.5,1,92.332733
-0.5,1,92.430369
-0.5,1,92.529039
-0.5,1,92.63698
-0.5,1,92.735211
-0.5,1,92.836319
-0.5,1,92.94451
-0.5,1,93.043401
-0.5,1,93.149374
-0.5,1,93.255455
-0.5,1,93.358392
-0.5,1,93.458458
-0.5,1,93.560504
-0.5,1,93.668209
-0.5,1,93.77001
-0.5,1,93.871382
-0.5,1,93.977011
-0.5,1,94.087324
-0.5,1,94.191547
-0.5,1,94.297142
-0.5,1,94.403811
-0.5,1,94.500011
-0.5,1,94.597378
-0.5,1,94.697996
-0.5,1,94.796345
-0.5,1,94.900088
-0.5,1,95.002975
-0.5,1,95.101087
-0.5,1,95.205794
-0.5,1,95.307217
-0.5,1,95.405813
-0.5,1,95.501416
-0.5,1,95.605639
-0.5,1,95.704282
-0.5,1,95.799017
-0.5,1,95.898161
-0.5,1,95.996375
-0.5,1,96.094862
-0.5,1,96.194578
-0.5,1,96.292733
-0.5,1,96.38851
-0.5,1,96.473167
-0.5,1,96.559137
-0.5,1,96.6455
-0.5,1,96.732923
-0.5,1,96.820024
-0.5,1,96.904916
-0.5,1,96.992935
-0.5,1,97.089583
-0.5,1,97.178084
-0.5,1,97.262774
-0.5,1,97.351473
-0.5,1,97.435196
-0.5,1,97.520066
-0.5,1,97.605893
-0.5,1,97.690541
-0.5,1,97.775367
-0.5,1,97.862371
-0.5,1,97.948535
-0.5,1,98.03624
-0.5,1,98.124549
-0.5,1,98.208814
-0.5,1,98.292321
-0.5,1,98.379441
-0.5,1,98.462012
-0.5,1,98.551471
-0.5,1,98.639693
-0.5,1,98.725403
-0.5,1,98.810943
-0.5,1,98.894371
-0.5,1,98.983916
-0.5,1,99.068371
-0.5,1,99.153375
-0.5,1,99.239622
-0.5,1,99.327944
-0.5,1,99.414409
-0.5,1,99.50116
-0.5,1,99.58741
-0.5,1,99.673044
-0.5,1,99.757401
-0.5,1,99.841214
-0.5,1,99.92897
-0.5,1,100.015682
-0.5,1,100.100994
-0.5,1,100.184965
-0.5,1,100.271392
-0.5,1,100.355462
-0.5,1,100.439872
-0.5,1,100.522971
-0.5,1,100.607007
-0.5,1,100.690559
-0.5,1,100.778403
-0.5,1,100.861921
-0.5,1,100.945799
-0.5,1,101.034373
-0.5,1,101.118885
-0.5,1,101.206002
-0.5,1,101.289418
-0.5,1,101.372453
-0.5,1,101.4574
-0.5,1,101.54463
-0.5,1,101.632056
-0.5,1,101.720274
-0.5,1,101.803921
-0.5,1,101.887426
-0.5,1,101.973015
-0.5,1,102.057392
-0.5,1,102.144587
-0.5,1,102.231487
-0.5,1,102.315371
-0.5,1,102.399883
-0.5,1,102.484195
-0.5,1,102.56898
-0.5,1,102.657789
-0.5,1,102.744952
-0.5,1,102.828452
-0.5,1,102.910936
-0.5,1,102.995655
-0.5,1,103.078695
-0.5,1,103.16401
-0.5,1,103.247339
-0.5,1,103.335365
-0.5,1,103.42095
-0.5,1,103.508618
-0.5,1,103.594592
-0.5,1,103.678723
-0.5,1,103.765632
-0.5,1,103.849896
-0.5,1,103.935233
-0.5,1,104.020693
-0.5,1,104.106189
-0.5,1,104.192667
-0.5,1,104.28841
-0.5,1,104.374495
-0.5,1,104.463696
-0.5,1,104.551074
-0.5,1,104.641874
-0.5,1,104.726376
-0.5,1,104.81477
-0.5,1,104.904457
-0.5,1,104.998421
-0.5,1,105.08578
-0.5,1,105.169976
-0.5,1,105.262846
-0.5,1,105.350436
-0.5,1,105.43537
-0.5,1,105.52095
-0.5,1,105.604257
-0.5,1,105.688406
-0.5,1,105.772451
-0.5,1,105.858038
-0.5,1,105.945693
-0.5,1,106.031366
-0.5,1,106.118002
-0.5,1,106.203694
-0.5,1,106.286953
-0.5,1,106.372913
-0.5,1,106.45974
-0.5,1,106.544927
-0.5,1,106.627142
-0.5,1,106.711373
-0.5,1,106.799518
-0.5,1,106.884872
-0.5,1,106.968057
-0.5,1,107.052776
-0.5,1,107.137568
-0.5,1,107.225203
-0.5,1,107.310132
-0.5,1,107.395379
-0.5,1,107.480005
-0.5,1,107.564834
-0.5,1,107.650011
-0.5,1,107.736984
-0.5,1,107.822137
-0.5,1,107.907174
-0.5,1,107.994413
-0.5,1,108.07893
-0.5,1,108.162416
-0.5,1,108.246916
-0.5,1,108.333479
-0.5,1,108.420196
-0.5,1,108.504233
-0.5,1,108.590959
-0.5,1,108.678509
-0.5,1,108.76194
-0.5,1,108.849366
-0.5,1,108.935457
-0.5,1,109.02212
-0.5,1,109.108415
-0.5,1,109.192543
-0.5,1,109.275409
-0.5,1,109.360694
-0.5,1,109.442645
-0.5,1,109.52706
-0.5,1,109.611684
-0.5,1,109.700278
-0.5,1,109.785693
-0.5,1,109.872504
-0.5,1,109.958446
-0.5,1,110.045859
-0.5,1,110.133092
-0.5,1,110.218522
-0.5,1,110.305677
-0.5,1,110.387195
-0.5,1,110.472545
-0.5,1,110.559073
-0.5,1,110.644871
-0.5,1,110.727062
-0.5,1,110.811233
-0.5,1,110.895995
-0.5,1,110.982987
-0.5,1,111.068538
-0.5,1,111.154004
-0.5,1,111.242956
-0.5,1,111.333129
-0.5,1,111.415498
-0.5,1,111.498481
-0.5,1,111.582016
-0.5,1,111.669472
-0.5,1,111.756368
-0.5,1,111.841033
-0.5,1,111.9282
-0.5,1,112.014773
-0.5,1,112.099489
-0.5,1,112.185412
-0.5,1,112.271023
-0.5,1,112.353121
-0.5,1,112.437391
-0.5,1,112.521628
-0.5,1,112.605489
-0.5,1,112.69202
-0.5,1,112.780429
-0.5,1,112.866329
-0.5,1,112.952506
-0.5,1,113.035651
-0.5,1,113.120589
-0.5,1,113.205527
-0.5,1,113.295551
-0.5,1,113.390647
-0.5,1,113.489895
-0.5,1,113.577039
-0.5,1,113.664797
-0.5,1,113.750431
-0.5,1,113.834368
-0.5,1,113.921633
-0.5,1,114.005481
-0.5,1,114.090408
-0.5,1,114.177745
-0.5,1,114.264487
-0.5,1,114.350366
-0.5,1,114.433411
-0.5,1,114.517009
-0.5,1,114.601408
-0.5,1,114.688435
-0.5,1,114.772327
-0.5,1,114.856926
-0.5,1,114.941394
-0.5,1,115.025839
-0.5,1,115.111367
-0.5,1,115.195927
-0.5,1,115.280503
-0.5,1,115.363918
-0.5,1,115.447194
-0.5,1,115.530988
-0.5,1,115.614753
-0.5,1,115.699496
-0.5,1,115.783509
-0.5,1,115.866297
-0.5,1,115.949395
-0.5,1,116.03535
-0.5,1,116.12064
-0.5,1,116.20543
-0.5,1,116.292305
-0.5,1,116.378416
-0.5,1,116.461009
-0.5,1,116.546391
-0.5,1,116.630366
-0.5,1,116.714138
-0.5,1,116.799399
-0.5,1,116.881163
-0.5,1,116.965405
-0.5,1,117.04939
-0.5,1,117.13341
-0.5,1,117.218586
-0.5,1,117.30707
-0.5,1,117.38972
-0.5,1,117.472944
-0.5,1,117.555298
-0.5,1,117.638925
-0.5,1,117.721994
-0.5,1,117.805628
-0.5,1,117.889427
-0.5,1,117.974206
-0.5,1,118.061495
-0.5,1,118.147062
-0.5,1,118.231351
-0.5,1,118.317874
-0.5,1,118.40067
-0.5,1,118.484265
-0.5,1,118.568368
-0.5,1,118.657352
-0.5,1,118.740327
-0.5,1,118.824578
-0.5,1,118.908567
-0.5,1,118.994369
-0.5,1,119.078097
-0.5,1,119.160376
-0.5,1,119.244991
-0.5,1,119.331365
-0.5,1,119.417067
-0.5,1,119.500668
-0.5,1,119.58488
-0.5,1,119.666934
-0.5,1,119.751195
-0.5,1,119.835602
-0.5,1,119.918553
-0.5,1,120.004719
-0.5,1,120.091599
-0.5,1,120.175304
-0.5,1,120.25999
-0.5,1,120.344955
-0.5,1,120.430369
-0.5,1,120.5142
-0.5,1,120.597523
-0.5,1,120.67994
-0.5,1,120.762576
-0.5,1,120.849322
-0.5,1,120.932411
-0.5,1,121.015494
-0.5,1,121.099901
-0.5,1,121.182096
-0.5,1,121.267904
-0.5,1,121.351433
-0.5,1,121.435308
-0.5,1,121.520417
-0.5,1,121.604185
-0.5,1,121.689384
-0.5,1,121.771425
-0.5,1,121.85431
-0.5,1,121.939607
-0.5,1,122.023745
-0.5,1,122.108391
-0.5,1,122.192595
-0.5,1,122.275781
-0.5,1,122.360485
-0.5,1,122.443619
-0.5,1,122.526396
-0.5,1,122.612371
-0.5,1,122.696902
-0.5,1,122.780595
-0.5,1,122.866007
-0.5,1,122.951281
-0.5,1,123.037308
-0.5,1,123.124114
-0.5,1,123.209961
-0.5,1,123.297157
-0.5,1,123.381432
-0.5,1,123.471462
-0.5,1,123.558793
-0.5,1,123.64929
-0.5,1,123.73756
-0.5,1,123.82639
-0.5,1,123.917562
-0.5,1,124.005948
-0.5,1,124.095611
-0.5,1,124.184693
-0.5,1,124.277425
-0.5,1,124.365396
-0.5,1,124.453569
-0.5,1,124.542693
-0.5,1,124.637006
-0.5,1,124.728373
-0.5,1,124.812141
-0.5,1,124.895528
-0.5,1,124.981392
-0.5,1,125.065879
-0.5,1,125.151441
-0.5,1,125.237754
-0.5,1,125.320527
-0.5,1,125.40561
-0.5,1,125.488779
-0.5,1,125.571925
-0.5,1,125.658712
-0.5,1,125.748375
-0.5,1,125.837148
-0.5,1,125.92361
-0.5,1,126.013163
-0.5,1,126.103235
-0.5,1,126.19089
-0.5,1,126.276383
-0.5,1,126.360392
-0.5,1,126.442226
-0.5,1,126.527489
-0.5,1,126.611888
-0.5,1,126.697264
-0.5,1,126.780442
-0.5,1,126.864754
-0.5,1,126.949211
-0.5,1,127.034367
-0.5,1,127.118637
-0.5,1,127.206384
-0.5,1,127.290585
-0.5,1,127.375118
-0.5,1,127.459907
-0.5,1,127.546964
-0.5,1,127.631407
-0.5,1,127.714225
-0.5,1,127.797061
-0.5,1,127.87952
-0.5,1,127.965745
-0.5,1,128.052213
-0.5,1,128.13902
-0.5,1,128.226014
-0.5,1,128.310986
-0.5,1,128.395477
-0.5,1,128.480369
-0.5,1,128.563395
-0.5,1,128.653201
-0.5,1,128.74423
-0.5,1,128.825862
-0.5,1,128.911422
-0.5,1,128.995618
-0.5,1,129.0804
-0.5,1,129.164433
-0.5,1,129.249743
-0.5,1,129.336128
-0.5,1,129.419661
-0.5,1,129.505518
-0.5,1,129.591638
-0.5,1,129.67421
-0.5,1,129.757736
-0.5,1,129.843964
-0.5,1,129.93137
-0.5,1,130.027874
-0.5,1,130.116935
-0.5,1,130.20557
-0.5,1,130.292373
-0.5,1,130.379874
-0.5,1,130.461829
-0.5,1,130.544696
-0.5,1,130.628546
-0.5,1,130.711147
-0.5,1,130.795547
-0.5,1,130.883026
-0.5,1,130.966255
-0.5,1,131.047996
-0.5,1,131.133679
-0.5,1,131.222895
-0.5,1,131.313043
-0.5,1,131.396256
-0.5,1,131.483758
-0.5,1,131.564565
-0.5,1,131.649806
-0.5,1,131.733252
-0.5,1,131.817327
-0.5,1,131.904163
-0.5,1,131.98589
-0.5,1,132.072118
-0.5,1,132.155276
-0.5,1,132.240664
-0.5,1,132.324883
-0.5,1,132.408392
-0.5,1,132.49349
-0.5,1,132.57769
-0.5,1,132.660398
-0.5,1,132.744872
-0.5,1,132.830533
-0.5,1,132.915148
-0.5,1,132.997725
-0.5,1,133.081606
-0.5,1,133.164876
-0.5,1,133.252353
-0.5,1,133.335701
-0.5,1,133.421692
-0.5,1,133.504404
-0.5,1,133.586308
-0.5,1,133.67015
-0.5,1,133.75324
-0.5,1,133.835885
-0.5,1,133.920405
-0.5,1,134.00709
-0.5,1,134.090555
-0.5,1,134.173453
-0.5,1,134.25939
-0.5,1,134.341883
-0.5,1,134.423639
-0.5,1,134.50594
-0.5,1,134.588579
-0.5,1,134.673385
-0.5,1,134.759965
-0.5,1,134.840407
-0.5,1,134.923752
-0.5,1,135.008613
-0.5,1,135.093369
-0.5,1,135.175053
-0.5,1,135.263173
-0.5,1,135.347194
-0.5,1,135.431405
-0.5,1,135.514873
-0.5,1,135.596957
-0.5,1,135.681063
-0.5,1,135.765169
-0.5,1,135.847528
-0.5,1,135.930248
-0.5,1,136.016371
-0.5,1,136.103954
-0.5,1,136.188501
-0.5,1,136.275425
-0.5,1,136.358286
-0.5,1,136.443941
-0.5,1,136.527393
-0.5,1,136.609482
-0.5,1,136.69351
-0.5,1,136.777523
-0.5,1,136.861274
-0.5,1,136.944504
-0.5,1,137.030518
-0.5,1,137.113872
-0.5,1,137.199969
-0.5,1,137.288368
-0.5,1,137.370882
-0.5,1,137.454875
-0.5,1,137.53779
-0.5,1,137.623725
-0.5,1,137.707915
-0.5,1,137.791576
-0.5,1,137.876089
-0.5,1,137.960104
-0.5,1,138.04556
-0.5,1,138.128706
-0.5,1,138.214039
-0.5,1,138.301201
-0.5,1,138.384874
-0.5,1,138.465438
-0.5,1,138.549417
-0.5,1,138.633202
-0.5,1,138.719588
-0.5,1,138.80412
-0.5,1,138.886947
-0.5,1,138.970283
-0.5,1,139.056369
-0.5,1,139.137373
-0.5,1,139.220422
-0.5,1,139.309567
-0.5,1,139.397214
-0.5,1,139.482967
-0.5,1,139.566068
-0.5,1,139.64838
-0.5,1,139.733373
-0.5,1,139.818417
-0.5,1,139.901974
-0.5,1,139.98588
-0.5,1,140.070207
-0.5,1,140.152374
-0.5,1,140.237387
-0.5,1,140.324678
-0.5,1,140.408226
-0.5,1,140.494783
-0.5,1,140.576903
-0.5,1,140.660437
-0.5,1,140.743877
-0.5,1,140.82839
-0.5,1,140.912878
-0.5,1,140.998969
-0.5,1,141.082457
-0.5,1,141.169374
-0.5,1,141.257473
-0.5,1,141.341692
-0.5,1,141.424927
-0.5,1,141.507009
-0.5,1,141.591481
-0.5,1,141.677411
-0.5,1,141.760442
-0.5,1,141.846923
-0.5,1,141.930434
-0.5,1,142.012236
-0.5,1,142.099043
-0.5,1,142.185067
-0.5,1,142.268917
-0.5,1,142.353404
-0.5,1,142.436368
-0.5,1,142.520169
-0.5,1,142.604877
-0.5,1,142.689642
-0.5,1,142.772215
-0.5,1,142.858383
-0.5,1,142.942901
-0.5,1,143.02729
-0.5,1,143.112977
-0.5,1,143.197981
-0.5,1,143.287347
-0.5,1,143.371892
-0.5,1,143.455085
-0.5,1,143.53787
-0.5,1,143.620517
-0.5,1,143.703003
-0.5,1,143.785454
-0.5,1,143.868926
-0.5,1,143.954366
-0.5,1,144.037739
-0.5,1,144.122884
-0.5,1,144.208506
-0.5,1,144.293615
-0.5,1,144.380878
-0.5,1,144.46843
-0.5,1,144.551048
-0.5,1,144.636404
-0.5,1,144.719599
-0.5,1,144.802917
-0.5,1,144.885585
-0.5,1,144.971172
-0.5,1,145.059984
-0.5,1,145.142879
-0.5,1,145.227087
-0.5,1,145.316023
-0.5,1,145.401888
-0.5,1,145.487023
-0.5,1,145.570407
-0.5,1,145.656821
-0.5,1,145.738954
-0.5,1,145.822971
-0.5,1,145.905163
-0.5,1,145.992459
-0.5,1,146.076056
-0.5,1,146.161427
-0.5,1,146.247519
-0.5,1,146.335407
-0.5,1,146.420379
-0.5,1,146.505009
-0.5,1,146.591475
-0.5,1,146.673887
-0.5,1,146.75737
-0.5,1,146.841103
-0.5,1,146.924748
-0.5,1,147.00837
-0.5,1,147.093656
-0.5,1,147.17787
-0.5,1,147.264951
-0.5,1,147.351409
-0.5,1,147.434629
-0.5,1,147.521626
-0.5,1,147.60432
-0.5,1,147.685697
-0.5,1,147.768964
-0.5,1,147.853368
-0.5,1,147.939693
-0.5,1,148.021914
-0.5,1,148.105951
-0.5,1,148.191429
-0.5,1,148.278496
-0.5,1,148.36448
-0.5,1,148.451457
-0.5,1,148.536399
-0.5,1,148.620321
-0.5,1,148.704217
-0.5,1,148.791632
-0.5,1,148.877445
-0.5,1,148.961011
-0.5,1,149.045081
-0.5,1,149.125909
-0.5,1,149.211218
-0.5,1,149.295515
-0.5,1,149.38042
-0.5,1,149.463495
-0.5,1,149.543952
-0.5,1,149.626902
-0.5,1,149.70858
-0.5,1,149.793643
-0.5,1,149.876916
-0.5,1,149.961101
-0.5,1,150.043947
-0.5,1,150.128404
-0.5,1,150.211372
-0.5,1,150.298994
-0.5,1,150.383218
-0.5,1,150.46837
-0.5,1,150.551382
-0.5,1,150.631412
-0.5,1,150.71337
-0.5,1,150.79551
-0.5,1,150.87992
-0.5,1,150.964514
-0.5,1,151.052381
-0.5,1,151.134441
-0.5,1,151.219067
-0.5,1,151.30867
-0.5,1,151.393639
-0.5,1,151.475947
-0.5,1,151.561466
-0.5,1,151.645895
-0.5,1,151.730398
-0.5,1,151.813453
-0.5,1,151.897929
-0.5,1,151.9815
-0.5,1,152.06611
-0.5,1,152.151209
-0.5,1,152.235405
-0.5,1,152.321676
-0.5,1,152.406212
-0.5,1,152.491433
-0.5,1,152.577547
-0.5,1,152.662256
-0.5,1,152.745875
-0.5,1,152.829408
-0.5,1,152.91453
-0.5,1,152.999055
-0.5,1,153.084406
-0.5,1,153.166952
-0.5,1,153.252384
-0.5,1,153.336917
-0.5,1,153.41953
-0.5,1,153.504403
-0.5,1,153.585448
-0.5,1,153.671223
-0.5,1,153.757875
-0.5,1,153.841476
-0.5,1,153.923887
-0.5,1,154.010388
-0.5,1,154.09589
-0.5,1,154.17999
-0.5,1,154.267501
-0.5,1,154.358279
-0.5,1,154.447373
-0.5,1,154.535992
-0.5,1,154.622
-0.5,1,154.706046
-0.5,1,154.791601
-0.5,1,154.875368
-0.5,1,154.960515
-0.5,1,155.04395
-0.5,1,155.128403
-0.5,1,155.213576
-0.5,1,155.298951
-0.5,1,155.384693
-0.5,1,155.468477
-0.5,1,155.554365
-0.5,1,155.637268
-0.5,1,155.721877
-0.5,1,155.801948
-0.5,1,155.888237
-0.5,1,155.973447
-0.5,1,156.060917
-0.5,1,156.14388
-0.5,1,156.228313
-0.5,1,156.31345
-0.5,1,156.398129
-0.5,1,156.481152
-0.5,1,156.564379
-0.5,1,156.652373
-0.5,1,156.739976
-0.5,1,156.826077
-0.5,1,156.920029
-0.5,1,157.007198
-0.5,1,157.095712
-0.5,1,157.194892
-0.5,1,157.284846
-0.5,1,157.373914
-0.5,1,157.465737
-0.5,1,157.556974
-0.5,1,157.649096
-0.5,1,157.739438
-0.5,1,157.834261
-0.5,1,157.921697
-0.5,1,158.00593
-0.5,1,158.090516
-0.5,1,158.17707
-0.5,1,158.262283
-0.5,1,158.347355
-0.5,1,158.43048
-0.5,1,158.513368
-0.5,1,158.600049
-0.5,1,158.683889
-0.5,1,158.768932
-0.5,1,158.853431
-0.5,1,158.940544
-0.5,1,159.029255
-0.5,1,159.121994
-0.5,1,159.215432
-0.5,1,159.301959
-0.5,1,159.38872
-0.5,1,159.473038
-0.5,1,159.55802
-0.5,1,159.643775
-0.5,1,159.730165
-0.5,1,159.81423
-0.5,1,159.896396
-0.5,1,159.981874
-0.5,1,160.068436
-0.5,1,160.155987
-0.5,1,160.237372
-0.5,1,160.321712
-0.5,1,160.40516
-0.5,1,160.48588
-0.5,1,160.569964
-0.5,1,160.654367
-0.5,1,160.738924
-0.5,1,160.824944
-0.5,1,160.91053
-0.5,1,160.995451
-0.5,1,161.077543
-0.5,1,161.161695
-0.5,1,161.248408
-0.5,1,161.332497
-0.5,1,161.418606
-0.5,1,161.501878
-0.5,1,161.585811
-0.5,1,161.671939
-0.5,1,161.757433
-0.5,1,161.840769
-0.5,1,161.924591
-0.5,1,162.007875
-0.5,1,162.093463
-0.5,1,162.179876
-0.5,1,162.267397
-0.5,1,162.351462
-0.5,1,162.435419
-0.5,1,162.520038
-0.5,1,162.60573
-0.5,1,162.693554
-0.5,1,162.783742
-0.5,1,162.869992
-0.5,1,162.953022
-0.5,1,163.037417
-0.5,1,163.1209
-0.5,1,163.205097
-0.5,1,163.29172
-0.5,1,163.374108
-0.5,1,163.458986
-0.5,1,163.543543
-0.5,1,163.625384
-0.5,1,163.709434
-0.5,1,163.793407
-0.5,1,163.876331
-0.5,1,163.959024
-0.5,1,164.042692
-0.5,1,164.124404
-0.5,1,164.205875
-0.5,1,164.290428
-0.5,1,164.372217
-0.5,1,164.45752
-0.5,1,164.540278
-0.5,1,164.627882
-0.5,1,164.712601
-0.5,1,164.796374
-0.5,1,164.880717
-0.5,1,164.964424
-0.5,1,165.049058
-0.5,1,165.131023
-0.5,1,165.215606
-0.5,1,165.301207
-0.5,1,165.385976
-0.5,1,165.471169
-0.5,1,165.553992
-0.5,1,165.637428
-0.5,1,165.724426
-0.5,1,165.806203
-0.5,1,165.892373
-0.5,1,165.977202
-0.5,1,166.060568
-0.5,1,166.145927
-0.5,1,166.230947
-0.5,1,166.316985
-0.5,1,166.401179
-0.5,1,166.484769
-0.5,1,166.565499
-0.5,1,166.648413
-0.5,1,166.73408
-0.5,1,166.819749
-0.5,1,166.904398
-0.5,1,166.985883
-0.5,1,167.071157
-0.5,1,167.154144
-0.5,1,167.240283
-0.5,1,167.328925
-0.5,1,167.41237
-0.5,1,167.497176
-0.5,1,167.581524
-0.5,1,167.664376
-0.5,1,167.747199
-0.5,1,167.835439
-0.5,1,167.920981
-0.5,1,168.00391
-0.5,1,168.08837
-0.5,1,168.171892
-0.5,1,168.25571
-0.5,1,168.341015
-0.5,1,168.424276
-0.5,1,168.507262
-0.5,1,168.591525
-0.5,1,168.675419
-0.5,1,168.76384
-0.5,1,168.852186
-0.5,1,168.935642
-0.5,1,169.02088
-0.5,1,169.105
-0.5,1,169.189476
-0.5,1,169.27449
-0.5,1,169.359295
-0.5,1,169.443721
-0.5,1,169.527922
-0.5,1,169.610371
-0.5,1,169.693817
-0.5,1,169.779486
-0.5,1,169.864393
-0.5,1,169.948979
-0.5,1,170.033374
-0.5,1,170.114377
-0.5,1,170.199075
-0.5,1,170.288218
-0.5,1,170.372374
-0.5,1,170.455956
-0.5,1,170.542095
-0.5,1,170.62454
-0.5,1,170.709368
-0.5,1,170.793887
-0.5,1,170.877712
-0.5,1,170.961994
-0.5,1,171.043877
-0.5,1,171.128004
-0.5,1,171.211429
-0.5,1,171.296909
-0.5,1,171.381875
-0.5,1,171.4658
-0.5,1,171.550094
-0.5,1,171.635981
-0.5,1,171.720693
-0.5,1,171.805883
-0.5,1,171.890481
-0.5,1,171.971439
-0.5,1,172.059395
-0.5,1,172.141871
-0.5,1,172.225544
-0.5,1,172.312368
-0.5,1,172.398069
-0.5,1,172.483526
-0.5,1,172.568371
-0.5,1,172.650521
-0.5,1,172.732691
-0.5,1,172.815526
-0.5,1,172.903237
-0.5,1,172.987077
-0.5,1,173.073031
-0.5,1,173.156367
-0.5,1,173.258694
-0.5,1,173.347023
-0.5,1,173.428985
-0.5,1,173.513367
-0.5,1,173.598176
-0.5,1,173.679821
-0.5,1,173.761675
-0.5,1,173.845892
-0.5,1,173.931105
-0.5,1,174.017237
-0.5,1,174.101391
-0.5,1,174.183096
-0.5,1,174.273777
-0.5,1,174.358381
-0.5,1,174.442456
-0.5,1,174.524988
-0.5,1,174.60873
-0.5,1,174.692444
-0.5,1,174.776073
-0.5,1,174.858922
-0.5,1,174.944527
-0.5,1,175.030049
-0.5,1,175.11369
-0.5,1,175.197988
-0.5,1,175.285356
-0.5,1,175.369373
-0.5,1,175.453383
-0.5,1,175.53402
-0.5,1,175.616372
-0.5,1,175.700011
-0.5,1,175.785692
-0.5,1,175.870367
-0.5,1,175.952368
-0.5,1,176.035769
-0.5,1,176.123133
-0.5,1,176.208375
-0.5,1,176.290424
-0.5,1,176.375405
-0.5,1,176.460458
-0.5,1,176.545205
-0.5,1,176.630372
-0.5,1,176.71359
-0.5,1,176.795399
-0.5,1,176.879879
-0.5,1,176.964959
-0.5,1,177.050086
-0.5,1,177.133872
-0.5,1,177.219962
-0.5,1,177.306039
-0.5,1,177.392554
-0.5,1,177.475366
-0.5,1,177.559993
-0.5,1,177.644808
-0.5,1,177.728089
-0.5,1,177.81281
-0.5,1,177.898008
-0.5,1,177.980876
-0.5,1,178.06361
-0.5,1,178.149409
-0.5,1,178.237019
-0.5,1,178.323792
-0.5,1,178.407503
-0.5,1,178.490694
-0.5,1,178.572713
-0.5,1,178.656283
-0.5,1,178.742374
-0.5,1,178.830202
-0.5,1,178.911407
-0.5,1,178.995448
-0.5,1,179.079499
-0.5,1,179.163148
-0.5,1,179.251421
-0.5,1,179.337371
-0.5,1,179.422401
-0.5,1,179.50824
-0.5,1,179.591626
-0.5,1,179.679443
-0.5,1,179.763059
-0.5,1,179.850886
-0.5,1,179.935116
-0.5,1,180.02046
-0.5,1,180.10205
-0.5,1,180.18748
-0.5,1,180.274785
-0.5,1,180.357433
-0.5,1,180.44114
-0.5,1,180.523549
-0.5,1,180.609367
-0.5,1,180.693563
-0.5,1,180.775885
-0.5,1,180.863028
-0.5,1,180.944379
-0.5,1,181.028949
-0.5,1,181.113367
-0.5,1,181.195403
-0.5,1,181.280535
-0.5,1,181.36443
-0.5,1,181.448792
-0.5,1,181.532925
-0.5,1,181.617098
-0.5,1,181.702924
-0.5,1,181.788605
-0.5,1,181.875034
-0.5,1,181.960543
-0.5,1,182.044693
-0.5,1,182.128315
-0.5,1,182.211401
-0.5,1,182.297257
-0.5,1,182.382988
-0.5,1,182.465391
-0.5,1,182.551913
-0.5,1,182.635694
-0.5,1,182.717897
-0.5,1,182.802118
-0.5,1,182.884441
-0.5,1,182.96707
-0.5,1,183.051432
-0.5,1,183.133211
-0.5,1,183.216959
-0.5,1,183.302145
-0.5,1,183.38442
-0.5,1,183.468934
-0.5,1,183.552593
-0.5,1,183.63728
-0.5,1,183.721996
-0.5,1,183.804389
-0.5,1,183.888659
-0.5,1,183.971326
-0.5,1,184.054368
-0.5,1,184.135415
-0.5,1,184.220007
-0.5,1,184.309696
-0.5,1,184.395369
-0.5,1,184.479125
-0.5,1,184.565376
-0.5,1,184.650298
-0.5,1,184.733914
-0.5,1,184.821974
-0.5,1,184.908651
-0.5,1,184.995966
-0.5,1,185.077557
-0.5,1,185.163696
-0.5,1,185.249784
-0.5,1,185.334878
-0.5,1,185.41989
-0.5,1,185.503695
-0.5,1,185.591551
-0.5,1,185.674373
-0.5,1,185.758426
-0.5,1,185.842088
-0.5,1,185.925404
-0.5,1,186.010767
-0.5,1,186.094424
-0.5,1,186.183005
-0.5,1,186.271606
-0.5,1,186.361154
-0.5,1,186.449276
-0.5,1,186.535783
-0.5,1,186.621873
-0.5,1,186.710481
-0.5,1,186.79635
-0.5,1,186.883313
-0.5,1,186.969004
-0.5,1,187.050581
-0.5,1,187.135396
-0.5,1,187.219503
-0.5,1,187.307902
-0.5,1,187.391853
-0.5,1,187.479521
-0.5,1,187.567152
-0.5,1,187.652763
-0.5,1,187.735396
-0.5,1,187.821968
-0.5,1,187.909411
-0.5,1,187.995525
-0.5,1,188.079896
-0.5,1,188.164218
-0.5,1,188.251894
-0.5,1,188.337889
-0.5,1,188.42439
-0.5,1,188.509755
-0.5,1,188.593407
-0.5,1,188.677876
-0.5,1,188.761658
-0.5,1,188.849741
-0.5,1,188.935321
-0.5,1,189.019232
-0.5,1,189.105694
-0.5,1,189.190901
-0.5,1,189.277005
-0.5,1,189.363372
-0.5,1,189.446969
-0.5,1,189.532098
-0.5,1,189.615368
-0.5,1,189.705168
-0.5,1,189.793886
-0.5,1,189.884472
-0.5,1,189.975663
-0.5,1,190.069885
-0.5,1,190.160383
-0.5,1,190.252479
-0.5,1,190.340129
-0.5,1,190.428711
-0.5,1,190.519424
-0.5,1,190.607451
-0.5,1,190.695495
-0.5,1,190.79167
-0.5,1,190.88252
-0.5,1,190.969346
-0.5,1,191.053478
-0.5,1,191.138391
-0.5,1,191.222382
-0.5,1,191.309277
-0.5,1,191.393401
-0.5,1,191.481978
-0.5,1,191.566937
-0.5,1,191.654201
-0.5,1,191.739414
-0.5,1,191.824051
-0.5,1,191.914462
-0.5,1,192.00496
-0.5,1,192.098696
-0.5,1,192.190434
-0.5,1,192.283043
-0.5,1,192.371387
-0.5,1,192.455895
-0.5,1,192.538066
-0.5,1,192.623766
-0.5,1,192.711371
-0.5,1,192.795559
-0.5,1,192.882916
-0.5,1,192.967255
-0.5,1,193.052028
-0.5,1,193.13595
-0.5,1,193.219188
-0.5,1,193.305694
-0.5,1,193.390455
-0.5,1,193.475902
-0.5,1,193.56308
-0.5,1,193.651665
-0.5,1,193.737915
-0.5,1,193.824075
-0.5,1,193.910456
-0.5,1,193.995909
-0.5,1,194.079998
-0.5,1,194.162694
-0.5,1,194.250412
-0.5,1,194.333929
-0.5,1,194.420973
-0.5,1,194.505852
-0.5,1,194.591425
-0.5,1,194.675095
-0.5,1,194.760092
-0.5,1,194.846381
-0.5,1,194.931343
-0.5,1,195.01437
-0.5,1,195.10244
-0.5,1,195.186116
-0.5,1,195.274199
-0.5,1,195.359955
-0.5,1,195.444426
-0.5,1,195.537948
-0.5,1,195.629066
-0.5,1,195.717206
-0.5,1,195.803928
-0.5,1,195.890373
-0.5,1,195.977365
-0.5,1,196.062972
-0.5,1,196.15119
-0.5,1,196.235424
-0.5,1,196.322517
-0.5,1,196.405421
-0.5,1,196.491407
-0.5,1,196.578013
-0.5,1,196.661342
-0.5,1,196.74603
-0.5,1,196.834831
-0.5,1,196.920959
-0.5,1,197.007013
-0.5,1,197.104442
-0.5,1,197.197022
-0.5,1,197.2832
-0.5,1,197.369323
-0.5,1,197.455432
-0.5,1,197.540389
-0.5,1,197.627002
-0.5,1,197.717165
-0.5,1,197.802982
-0.5,1,197.885876
-0.5,1,197.970436
-0.5,1,198.053437
-0.5,1,198.137264
-0.5,1,198.224422
-0.5,1,198.30956
-0.5,1,198.393496
-0.5,1,198.479571
-0.5,1,198.564748
-0.5,1,198.647412
-0.5,1,198.733964
-0.5,1,198.816956
-0.5,1,198.910596
-0.5,1,199.002248
-0.5,1,199.092902
-0.5,1,199.18042
-0.5,1,199.269368
-0.5,1,199.354886
-0.5,1,199.443869
-0.5,1,199.530367
-0.5,1,199.615741
-0.5,1,199.699942
-0.5,1,199.788559
-0.5,1,199.875916
-0.5,1,199.958543
-0.5,1,200.042694
-0.5,1,200.129989
-0.5,1,200.215397
-0.5,1,200.302103
-0.5,1,200.386389
-0.5,1,200.472368
-0.5,1,200.556971
-0.5,1,200.643693
-0.5,1,200.727051
-0.5,1,200.813374
-0.5,1,200.898814
-0.5,1,200.983696
-0.5,1,201.068965
-0.5,1,201.153375
-0.5,1,201.238641
-0.5,1,201.325226
-0.5,1,201.410903
-0.5,1,201.497017
-0.5,1,201.582693
-0.5,1,201.670563
-0.5,1,201.757244
-0.5,1,201.84197
-0.5,1,201.927392
-0.5,1,202.013367
-0.5,1,202.099057
-0.5,1,202.188513
-0.5,1,202.279681
-0.5,1,202.367867
-0.5,1,202.455905
-0.5,1,202.55354
-0.5,1,202.639917
-0.5,1,202.724882
-0.5,1,202.814199
-0.5,1,202.900419
-0.5,1,202.987408
-0.5,1,203.073806
-0.5,1,203.158696
-0.5,1,203.242932
-0.5,1,203.330113
-0.5,1,203.414367
-0.5,1,203.496971
-0.5,1,203.582929
-0.5,1,203.667006
-0.5,1,203.752389
-0.5,1,203.839904
-0.5,1,203.925477
-0.5,1,204.010565
-0.5,1,204.095409
-0.5,1,204.182388
-0.5,1,204.271256
-0.5,1,204.353046
-0.5,1,204.439906
-0.5,1,204.525572
-0.5,1,204.610374
-0.5,1,204.69699
-0.5,1,204.782571
-0.5,1,204.868064
-0.5,1,204.954192
-0.5,1,205.039875
-0.5,1,205.139076
-0.5,1,205.227097
-0.5,1,205.315143
-0.5,1,205.400403
-0.5,1,205.487187
-0.5,1,205.573008
-0.5,1,205.662032
-0.5,1,205.746916
-0.5,1,205.834545
-0.5,1,205.920919
-0.5,1,206.006965
-0.5,1,206.094599
-0.5,1,206.177743
-0.5,1,206.264492
-0.5,1,206.34872
-0.5,1,206.432343
-0.5,1,206.514689
-0.5,1,206.600033
-0.5,1,206.685848
-0.5,1,206.775724
-0.5,1,206.862177
-0.5,1,206.945665
-0.5,1,207.030458
-0.5,1,207.115374
-0.5,1,207.198975
-0.5,1,207.28588
-0.5,1,207.370566
-0.5,1,207.457231
-0.5,1,207.54373
-0.5,1,207.633263
-0.5,1,207.721196
-0.5,1,207.806228
-0.5,1,207.889377
-0.5,1,207.974367
-0.5,1,208.062695
-0.5,1,208.150959
-0.5,1,208.234339
-0.5,1,208.321524
-0.5,1,208.405954
-0.5,1,208.49189
-0.5,1,208.577607
-0.5,1,208.66343
-0.5,1,208.750296
-0.5,1,208.837171
-0.5,1,208.925934
-0.5,1,209.010091
-0.5,1,209.092909
-0.5,1,209.179973
-0.5,1,209.267009
-0.5,1,209.354136
-0.5,1,209.437397
-0.5,1,209.523475
-0.5,1,209.611507
-0.5,1,209.699141
-0.5,1,209.782799
-0.5,1,209.868906
-0.5,1,209.955367
-0.5,1,210.040047
-0.5,1,210.125907
-0.5,1,210.210197
-0.5,1,210.294628
-0.5,1,210.377956
-0.5,1,210.46274
-0.5,1,210.549097
-0.5,1,210.632995
-0.5,1,210.717717
-0.5,1,210.80807
-0.5,1,210.892375
-0.5,1,210.975909
-0.5,1,211.060989
-0.5,1,211.143543
-0.5,1,211.229515
-0.5,1,211.318055
-0.5,1,211.404151
-0.5,1,211.490374
-0.5,1,211.573885
-0.5,1,211.657096
-0.5,1,211.742912
-0.5,1,211.827405
-0.5,1,211.912273
-0.5,1,211.997342
-0.5,1,212.082916
-0.5,1,212.169379
-0.5,1,212.253593
-0.5,1,212.340292
-0.5,1,212.424482
-0.5,1,212.508823
-0.5,1,212.595672
-0.5,1,212.681411
-0.5,1,212.76636
-0.5,1,212.851879
-0.5,1,212.938514
-0.5,1,213.023898
-0.5,1,213.113521
-0.5,1,213.205011
-0.5,1,213.289372
-0.5,1,213.375406
-0.5,1,213.461092
-0.5,1,213.545993
-0.5,1,213.632411
-0.5,1,213.715414
-0.5,1,213.798949
-0.5,1,213.894553
-0.5,1,213.977368
-0.5,1,214.064983
-0.5,1,214.151372
-0.5,1,214.233987
-0.5,1,214.32466
-0.5,1,214.409375
-0.5,1,214.493542
-0.5,1,214.577126
-0.5,1,214.663055
-0.5,1,214.745548
-0.5,1,214.830219
-0.5,1,214.915392
-0.5,1,214.99996
-0.5,1,215.08588
-0.5,1,215.171608
-0.5,1,215.494451
-0.5,1,215.580421
-0.5,1,215.666945
-0.5,1,215.750373
-0.5,1,215.835411
-0.5,1,215.921605
-0.5,1,216.007235
-0.5,1,216.094373
-0.5,1,216.17904
-0.5,1,216.268177
-0.5,1,216.359387
-0.5,1,216.445047
-0.5,1,216.531583
-0.5,1,216.61318
-0.5,1,216.700057
-0.5,1,216.804336
-0.5,1,216.88754
-0.5,1,216.973367
-0.5,1,217.057414
-0.5,1,217.144024
-0.5,1,217.228621
-0.5,1,217.317952
-0.5,1,217.404374
-0.5,1,217.492644
-0.5,1,217.575531
-0.5,1,217.661994
-0.5,1,217.746379
-0.5,1,217.83256
-0.5,1,217.9222
-0.5,1,218.020328
-0.5,1,218.105702
-0.5,1,218.192518
-0.5,1,218.28144
-0.5,1,218.367104
-0.5,1,218.456982
-0.5,1,218.540191
-0.5,1,218.628288
-0.5,1,218.719247
-0.5,1,218.805094
-0.5,1,218.892542
-0.5,1,218.982693
-0.5,1,219.067532
-0.5,1,219.151023
-0.5,1,219.233004
-0.5,1,219.320269
-0.5,1,219.402056
-0.5,1,219.490564
-0.5,1,219.574088
-0.5,1,219.659055
-0.5,1,219.744418
-0.5,1,219.832999
-0.5,1,219.920655
-0.5,1,220.00593
-0.5,1,220.0915
-0.5,1,220.182421
-0.5,1,220.277025
-0.5,1,220.36992
-0.5,1,220.455536
-0.5,1,220.541821
-0.5,1,220.627888
-0.5,1,220.712886
-0.5,1,220.79817
-0.5,1,220.884876
-0.5,1,220.97037
-0.5,1,221.056992
-0.5,1,221.142036
-0.5,1,221.226378
-0.5,1,221.314648
-0.5,1,221.401088
-0.5,1,221.487299
-0.5,1,221.573378
-0.5,1,221.662384
-0.5,1,221.749197
-0.5,1,221.835874
-0.5,1,221.921767
-0.5,1,222.009395
-0.5,1,222.092431
-0.5,1,222.175252
-0.5,1,222.259013
-0.5,1,222.34853
-0.5,1,222.435654
-0.5,1,222.523481
-0.5,1,222.610368
-0.5,1,222.698882
-0.5,1,222.786931
-0.5,1,222.878953
-0.5,1,222.970372
-0.5,1,223.06139
-0.5,1,223.156015
-0.5,1,223.248656
-0.5,1,223.341431
-0.5,1,223.430912
-0.5,1,223.523949
-0.5,1,223.613727
-0.5,1,223.703341
-0.5,1,223.795469
-0.5,1,223.889633
-0.5,1,223.978401
-0.5,1,224.065722
-0.5,1,224.15767
-0.5,1,224.24408
-0.5,1,224.330973
-0.5,1,224.417369
-0.5,1,224.500971
-0.5,1,224.58588
-0.5,1,224.672414
-0.5,1,224.7579
-0.5,1,224.843939
-0.5,1,224.937076
-0.5,1,225.064711
-0.5,1,225.159515
-0.5,1,225.248431
-0.5,1,225.338036
-0.5,1,225.428896
-0.5,1,225.514412
-0.5,1,225.602291
-0.5,1,225.686946
-0.5,1,225.773787
-0.5,1,225.858945
-0.5,1,225.944925
-0.5,1,226.031979
-0.5,1,226.11744
-0.5,1,226.202053
-0.5,1,226.289972
-0.5,1,226.377434
-0.5,1,226.46602
-0.5,1,226.552105
-0.5,1,226.639999
-0.5,1,226.727197
-0.5,1,226.815686
-0.5,1,226.898641
-0.5,1,226.98259
-0.5,1,227.068922
-0.5,1,227.151074
-0.5,1,227.235094
-0.5,1,227.323627
-0.5,1,227.406328
-0.5,1,227.491521
-0.5,1,227.577403
-0.5,1,227.66248
-0.5,1,227.746384
-0.5,1,227.830021
-0.5,1,227.915061
-0.5,1,228.00292
-0.5,1,228.085495
-0.5,1,228.168278
-0.5,1,228.254147
-0.5,1,228.339378
-0.5,1,228.425568
-0.5,1,228.508709
-0.5,1,228.597294
-0.5,1,228.680587
-0.5,1,228.767186
-0.5,1,228.852223
-0.5,1,228.935367
-0.5,1,229.028043
-0.5,1,229.110477
-0.5,1,229.194474
-0.5,1,229.281596
-0.5,1,229.364388
-0.5,1,229.44544
-0.5,1,229.53189
-0.5,1,229.618212
-0.5,1,229.704877
-0.5,1,229.78859
-0.5,1,229.87137
-0.5,1,229.956369
-0.5,1,230.039599
-0.5,1,230.123695
-0.5,1,230.209323
-0.5,1,230.294511
-0.5,1,230.377374
-0.5,1,230.461902
-0.5,1,230.545538
-0.5,1,230.631367
-0.5,1,230.713891
-0.5,1,230.801043
-0.5,1,230.883535
-0.5,1,230.97001
-0.5,1,231.057682
-0.5,1,231.143306
-0.5,1,231.228087
-0.5,1,231.312323
-0.5,1,231.39702
-0.5,1,231.478435
-0.5,1,231.562985
-0.5,1,231.647385
-0.5,1,231.732095
-0.5,1,231.820932
-0.5,1,231.904086
-0.5,1,231.988719
-0.5,1,232.0742
-0.5,1,232.160077
-0.5,1,232.244098
-0.5,1,232.329932
-0.5,1,232.413502
-0.5,1,232.500836
-0.5,1,232.583703
-0.5,1,232.668931
-0.5,1,232.753325
-0.5,1,232.837658
-0.5,1,232.920112
-0.5,1,233.00621
-0.5,1,233.089854
-0.5,1,233.175241
-0.5,1,233.259387
-0.5,1,233.34607
-0.5,1,233.429267
-0.5,1,233.51451
-0.5,1,233.598115
-0.5,1,233.68353
-0.5,1,233.766922
-0.5,1,233.851169
-0.5,1,233.936271
-0.5,1,234.02188
-0.5,1,234.104995
-0.5,1,234.186915
-0.5,1,234.275282
-0.5,1,234.360556
-0.5,1,234.444445
-0.5,1,234.526961
-0.5,1,234.612375
-0.5,1,234.697154
-0.5,1,234.782352
-0.5,1,234.869062
-0.5,1,234.953373
-0.5,1,235.037367
-0.5,1,235.122486
-0.5,1,235.207075
-0.5,1,235.291633
-0.5,1,235.374795
-0.5,1,235.457875
-0.5,1,235.541565
-0.5,1,235.624952
-0.5,1,235.712477
-0.5,1,235.795372
-0.5,1,235.879055
-0.5,1,235.963588
-0.5,1,236.046265
-0.5,1,236.129954
-0.5,1,236.212395
-0.5,1,236.298474
-0.5,1,236.381808
-0.5,1,236.463985
-0.5,1,236.550601
-0.5,1,236.636195
-0.5,1,236.719053
-0.5,1,236.805288
-0.5,1,236.887819
-0.5,1,236.974522
-0.5,1,237.085969
-0.5,1,237.170528
-0.5,1,237.255869
-0.5,1,237.342613
-0.5,1,237.426114
-0.5,1,237.511373
-0.5,1,237.598336
-0.5,1,237.68088
-0.5,1,237.76562
-0.5,1,237.84911
-0.5,1,237.935417
-0.5,1,238.019902
-0.5,1,238.107388
-0.5,1,238.191561
-0.5,1,238.275486
-0.5,1,238.358951
-0.5,1,238.442694
-0.5,1,238.525814
-0.5,1,238.610773
-0.5,1,238.695393
-0.5,1,238.778961
-0.5,1,238.862502
-0.5,1,238.945334
-0.5,1,239.033756
-0.5,1,239.115367
-0.5,1,239.198403
-0.5,1,239.284405
-0.5,1,239.368036
-0.5,1,239.451023
-0.5,1,239.535442
-0.5,1,239.623076
-0.5,1,239.704928
-0.5,1,239.791685
-0.5,1,239.875836
-0.5,1,239.95989
-0.5,1,240.043407
-0.5,1,240.128254
-0.5,1,240.211611
-0.5,1,240.295406
-0.5,1,240.378585
-0.5,1,240.461698
-0.5,1,240.54594
-0.5,1,240.631024
-0.5,1,242.201351
-0.5,1,242.287256
-0.5,1,242.36936
-0.5,1,242.45513
-0.5,1,242.540565
-0.5,1,242.625503
-0.5,1,242.711058
-0.5,1,242.799219
-0.5,1,242.888436
-0.5,1,242.973368
-0.5,1,243.055967
-0.5,1,243.139877
-0.5,1,243.224583
-0.5,1,243.311356
-0.5,1,243.39541
-0.5,1,243.480274
-0.5,1,243.563474
-0.5,1,243.644434
-0.5,1,243.727701
-0.5,1,243.812649
-0.5,1,243.897154
-0.5,1,243.978712
-0.5,1,244.060801
-0.5,1,244.142878
-0.5,1,244.225486
-0.5,1,244.313614
-0.5,1,244.396218
-0.5,1,244.47777
-0.5,1,244.56018
-0.5,1,244.641478
-0.5,1,244.723389
-0.5,1,244.807044
-0.5,1,244.89454
-0.5,1,244.978704
-0.5,1,245.061246
-0.5,1,245.14706
-0.5,1,245.233001
-0.5,1,245.31934
-0.5,1,245.405384
-0.5,1,245.487445
-0.5,1,245.569012
-0.5,1,245.649789
-0.5,1,245.731367
-0.5,1,245.812247
-0.5,1,245.894505
-0.5,1,245.975414
-0.5,1,246.056086
-0.5,1,246.138482
-0.5,1,246.220078
-0.5,1,246.308383
-0.5,1,246.391547
-0.5,1,246.472227
-0.5,1,246.555569
-0.5,1,246.635441
-0.5,1,246.716044
-0.5,1,246.799099
-0.5,1,246.882382
-0.5,1,246.964554
-0.5,1,247.047139
-0.5,1,247.130439
-0.5,1,247.213368
-0.5,1,247.299963
-0.5,1,247.383845
-0.5,1,247.468231
-0.5,1,247.551682
-0.5,1,247.635352
-0.5,1,247.718949
-0.5,1,247.799145
-0.5,1,247.882632
-0.5,1,247.962816
-0.5,1,248.044239
-0.5,1,248.127206
-0.5,1,248.212076
-0.5,1,248.295458
-0.5,1,248.37329
-0.5,1,248.453625
-0.5,1,248.535411
-0.5,1,248.619679
-0.5,1,248.703885
-0.5,1,248.785657
-0.5,1,248.868591
-0.5,1,248.950039
-0.5,1,249.035131
-0.5,1,249.120579
-0.5,1,249.205195
-0.5,1,249.289654
-0.5,1,249.371391
-0.5,1,249.455128
-0.5,1,249.537238
-0.5,1,249.620878
-0.5,1,249.817101
-0.5,1,249.901246
-0.5,1,249.981514
-0.5,1,250.064471
-0.5,1,250.14697
-0.5,1,250.231477
-0.5,1,250.319037
-0.5,1,250.404097
-0.5,1,250.490638
-0.5,1,250.573169
-0.5,1,250.655655
-0.5,1,250.883099
-0.5,1,250.963648
-0.5,1,251.045877
-0.5,1,251.127972
-0.5,1,251.208417
-0.5,1,251.292301
-0.5,1,251.376915
-0.5,1,251.459248
-0.5,1,251.541028
-0.5,1,251.620229
-0.5,1,251.703239
-0.5,1,251.785974
-0.5,1,251.866917
-0.5,1,251.948431
-0.5,1,252.030006
-0.5,1,252.112654
-0.5,1,252.195698
-0.5,1,252.277952
-0.5,1,252.361437
-0.5,1,252.446033
-0.5,1,252.525662
-0.5,1,252.609391
-0.5,1,252.689572
-0.5,1,252.773368
-0.5,1,252.854199
-0.5,1,252.940007
-0.5,1,253.021559
-0.5,1,253.103921
-0.5,1,253.187524
-0.5,1,253.270471
-0.5,1,253.35698
-0.5,1,253.441777
-0.5,1,253.525943
-0.5,1,253.608768
-0.5,1,253.693239
-0.5,1,253.774368
-0.5,1,253.855401
-0.5,1,253.937952
-0.5,1,254.023629
-0.5,1,254.104394
-0.5,1,254.187081
-0.5,1,254.27381
-0.5,1,254.356401
-0.5,1,254.440213
-0.5,1,254.52392
-0.5,1,254.605827
-0.5,1,254.687129
-0.5,1,254.769988
-0.5,1,254.84907
-0.5,1,254.933755
-0.5,1,255.017708
-0.5,1,255.100117
-0.5,1,255.184233
-0.5,1,255.266011
-0.5,1,255.349005
-0.5,1,255.434459
-0.5,1,255.519085
-0.5,1,255.602158
-0.5,1,255.686971
-0.5,1,255.772956
-0.5,1,255.862301
-0.5,1,255.945953
-0.5,1,256.029885
-0.5,1,256.115535
-0.5,1,256.206234
-0.5,1,256.292608
-0.5,1,256.380411
-0.5,1,256.467901
-0.5,1,256.552396
-0.5,1,256.641065
-0.5,1,256.728369
-0.5,1,256.813107
-0.5,1,256.899977
-0.5,1,256.983106
-0.5,1,257.065676
-0.5,1,257.148391
-0.5,1,257.233954
-0.5,1,257.31698
-0.5,1,257.403391
-0.5,1,257.488572
-0.5,1,257.571347
-0.5,1,257.652511
-0.5,1,257.736375
-0.5,1,257.817879
-0.5,1,257.903021
-0.5,1,257.98948
-0.5,1,258.074075
-0.5,1,258.159765
-0.5,1,258.247957
-0.5,1,258.334111
-0.5,1,258.417212
-0.5,1,258.498931
-0.5,1,258.580017
-0.5,1,258.664596
-0.5,1,258.747716
-0.5,1,258.831046
-0.5,1,258.917821
-0.5,1,259.00007
-0.5,1,259.087392
-0.5,1,259.170999
-0.5,1,259.255477
-0.5,1,259.339603
-0.5,1,259.420105
-0.5,1,259.502217
-0.5,1,259.586085
-0.5,1,259.668046
-0.5,1,259.75213
-0.5,1,259.834071
-0.5,1,259.915574
-0.5,1,260.000983
-0.5,1,260.082879
-0.5,1,260.163479
-0.5,1,260.2481
-0.5,1,260.334213
-0.5,1,260.41721
-0.5,1,260.501121
-0.5,1,260.58363
-0.5,1,260.668215
-0.5,1,260.751374
-0.5,1,260.83413
-0.5,1,260.917014
-0.5,1,260.998694
-0.5,1,261.08189
-0.5,1,261.1653
-0.5,1,261.248407
-0.5,1,261.333343
-0.5,1,261.416369
-0.5,1,261.500173
-0.5,1,261.584891
-0.5,1,261.668045
-0.5,1,261.750103
-0.5,1,261.832943
-0.5,1,261.914999
-0.5,1,261.999877
-0.5,1,262.085593
-0.5,1,262.166406
-0.5,1,262.248554
-0.5,1,262.333419
-0.5,1,262.416262
-0.5,1,262.499959
-0.5,1,262.582953
-0.5,1,262.664668
-0.5,1,262.750052
-0.5,1,262.832188
-0.5,1,262.91637
-0.5,1,262.998976
-0.5,1,263.080526
-0.5,1,263.162391
-0.5,1,263.243551
-0.5,1,263.328591
-0.5,1,263.410973
-0.5,1,263.494612
-0.5,1,263.57808
-0.5,1,263.659615
-0.5,1,263.744397
-0.5,1,263.825531
-0.5,1,263.910482
-0.5,1,263.995416
-0.5,1,264.077658
-0.5,1,264.159898
-0.5,1,264.242756
-0.5,1,264.328473
-0.5,1,264.408893
-0.5,1,264.49453
-0.5,1,264.577675
-0.5,1,264.658879
-0.5,1,264.741921
-0.5,1,264.824617
-0.5,1,264.90702
-0.5,1,264.989899
-0.5,1,265.070148
-0.5,1,265.15422
-0.5,1,265.236369
-0.5,1,265.318516
-0.5,1,265.401175
-0.5,1,265.479897
-0.5,1,265.566997
-0.5,1,265.648812
-0.5,1,265.73094
-0.5,1,265.814998
-0.5,1,265.89583
-0.5,1,265.977374
-0.5,1,266.060484
-0.5,1,266.142649
-0.5,1,266.22429
-0.5,1,266.308102
-0.5,1,266.390723
-0.5,1,266.472902
-0.5,1,266.55589
-0.5,1,266.641204
-0.5,1,266.722579
-0.5,1,266.805209
-0.5,1,266.88628
-0.5,1,266.967947
-0.5,1,267.05006
-0.5,1,267.131156
-0.5,1,267.215458
-0.5,1,267.299884
-0.5,1,267.383176
-0.5,1,267.464919
-0.5,1,267.547268
-0.5,1,267.631027
-0.5,1,267.712209
-0.5,1,267.795459
-0.5,1,267.881685
-0.5,1,267.96452
-0.5,1,268.048165
-0.5,1,268.129376
-0.5,1,268.215254
-0.5,1,268.29811
-0.5,1,268.381105
-0.5,1,268.463738
-0.5,1,268.54602
-0.5,1,268.627407
-0.5,1,268.711564
-0.5,1,268.7944
-0.5,1,268.879452
-0.5,1,268.961745
-0.5,1,269.043694
-0.5,1,269.128861
-0.5,1,269.211946
-0.5,1,269.297344
-0.5,1,269.379066
-0.5,1,269.46402
-0.5,1,269.550139
-0.5,1,269.632997
-0.5,1,269.716923
-0.5,1,269.800777
-0.5,1,269.882779
-0.5,1,269.96606
-0.5,1,270.045805
-0.5,1,270.12908
-0.5,1,270.212357
-0.5,1,270.29708
-0.5,1,270.376368
-0.5,1,270.462147
-0.5,1,270.541321
-0.5,1,270.623219
-0.5,1,270.704694
-0.5,1,270.786285
-0.5,1,270.870947
-0.5,1,270.953504
-0.5,1,271.035368
-0.5,1,271.119738
-0.5,1,271.202099
-0.5,1,271.288391
-0.5,1,271.371369
-0.5,1,271.455226
-0.5,1,271.539697
-0.5,1,271.623845
-0.5,1,271.705922
-0.5,1,271.78939
-0.5,1,271.871936
-0.5,1,271.95369
-0.5,1,272.036081
-0.5,1,272.118898
-0.5,1,272.197733
-0.5,1,272.282924
-0.5,1,272.365948
-0.5,1,272.448944
-0.5,1,272.530317
-0.5,1,272.61224
-0.5,1,272.694446
-0.5,1,272.778194
-0.5,1,272.860028
-0.5,1,272.943609
-0.5,1,273.028766
-0.5,1,273.111288
-0.5,1,273.193373
-0.5,1,273.279047
-0.5,1,273.361693
-0.5,1,273.44383
-0.5,1,273.525526
-0.5,1,273.607026
-0.5,1,273.688272
-0.5,1,273.770368
-0.5,1,273.856065
-0.5,1,273.939636
-0.5,1,274.023274
-0.5,1,274.105967
-0.5,1,274.188505
-0.5,1,274.272204
-0.5,1,274.352368
-0.5,1,274.43594
-0.5,1,274.518054
-0.5,1,274.615728
-0.5,1,274.696373
-0.5,1,274.778167
-0.5,1,274.860569
-0.5,1,274.94374
-0.5,1,275.021679
-0.5,1,275.103879
-0.5,1,275.186258
-0.5,1,275.269938
-0.5,1,275.354107
-0.5,1,275.435198
-0.5,1,275.516944
-0.5,1,275.601134
-0.5,1,275.683732
-0.5,1,275.767197
-0.5,1,275.85056
-0.5,1,275.93512
-0.5,1,276.015504
-0.5,1,276.101018
-0.5,1,276.185045
-0.5,1,276.267076
-0.5,1,276.348637
-0.5,1,276.429887
-0.5,1,276.514369
-0.5,1,276.597176
-0.5,1,276.681014
-0.5,1,276.762977
-0.5,1,276.846103
-0.5,1,276.927528
-0.5,1,277.011375
-0.5,1,277.093473
-0.5,1,277.177439
-0.5,1,277.261072
-0.5,1,277.343699
-0.5,1,277.425379
-0.5,1,277.507234
-0.5,1,277.588484
-0.5,1,277.671623
-0.5,1,277.753897
-0.5,1,277.837182
-0.5,1,277.920961
-0.5,1,278.006066
-0.5,1,278.087136
-0.5,1,278.173911
-0.5,1,278.257288
-0.5,1,278.340386
-0.5,1,278.421965
-0.5,1,278.504734
-0.5,1,278.589465
-0.5,1,278.673459
-0.5,1,278.756109
-0.5,1,278.838615
-0.5,1,278.920046
-0.5,1,279.002144
-0.5,1,279.084426
-0.5,1,279.171457
-0.5,1,279.252372
-0.5,1,279.334563
-0.5,1,279.414376
-0.5,1,279.498988
-0.5,1,279.580675
-0.5,1,279.664348
-0.5,1,279.746218
-0.5,1,279.828942
-0.5,1,279.910976
-0.5,1,279.994576
-0.5,1,280.075994
-0.5,1,280.166008
-0.5,1,280.255097
-0.5,1,280.344401
-0.5,1,280.429127
-0.5,1,280.513395
-0.5,1,280.595708
-0.5,1,280.682698
-0.5,1,280.765881
-0.5,1,280.851127
-0.5,1,280.936032
-0.5,1,281.021011
-0.5,1,281.104098
-0.5,1,281.189374
-0.5,1,281.274612
-0.5,1,281.358395
-0.5,1,281.441102
-0.5,1,281.523546
-0.5,1,281.607098
-0.5,1,281.689551
-0.5,1,281.772917
-0.5,1,281.85494
-0.5,1,281.937375
-0.5,1,282.018053
-0.5,1,282.105192
-0.5,1,282.188413
-0.5,1,282.277029
-0.5,1,282.359936
-0.5,1,282.442522
-0.5,1,282.524232
-0.5,1,282.604881
-0.5,1,282.687202
-0.5,1,282.770998
-0.5,1,282.857013
-0.5,1,282.942005
-0.5,1,283.023207
-0.5,1,283.106204
-0.5,1,283.188754
-0.5,1,283.273906
-0.5,1,283.357882
-0.5,1,283.44224
