#{"t_start": 1730027363.159436, "env_id": "None"}
r,l,t
0.552443,4,1.699771
3.088055,12,1.840248
-0.5,1,1.933547
35.000195,101,2.354685
0.140108,3,2.448915
40.350522,122,2.89848
0.381656,4,2.996332
-0.5,1,3.081927
38.012854,113,3.503906
48.113839,138,3.997125
45.433014,129,4.471912
37.745903,108,4.871486
0.661302,5,4.971855
48.733131,143,5.447434
-0.5,1,5.535096
11.911292,38,5.724622
0.149906,3,5.813155
42.250931,121,6.250031
43.631171,121,6.679403
45.955245,135,7.141827
48.088343,137,7.631535
43.74452,130,8.085427
36.507445,110,8.493638
7.571442,25,8.64495
-0.5,1,8.726551
-0.5,1,8.808187
1.033098,6,8.905866
0.170649,3,8.996095
41.0655,128,9.469637
43.027523,123,9.894951
31.619226,93,12.129416
80.148922,238,12.907544
33.308378,98,13.286512
42.21188,121,13.723088
44.753413,128,14.182961
1.171716,7,14.289644
-0.15947,2,14.386379
96.187067,291,15.413049
43.056327,127,15.908615
42.241055,123,16.41862
40.064371,122,16.878213
1.03449,6,16.974884
30.596218,89,17.317552
2.039779,9,17.432367
-0.168402,2,17.521496
3.601079,15,17.657089
-0.5,1,17.7452
-0.166205,2,17.838928
1.006258,6,17.948687
0.387372,4,18.044782
46.994574,141,18.598235
1.187008,6,18.707398
40.385012,118,19.128911
-0.173168,2,19.218155
45.466784,130,19.754746
-0.5,1,19.842966
0.078006,3,19.935578
0.128041,3,20.022659
39.458028,116,20.467381
36.766534,103,20.879071
38.317379,114,23.53542
0.947696,6,23.645552
9.426962,31,23.836432
39.06667,115,24.313383
0.542348,4,24.417538
0.49028,4,24.523405
43.342815,125,25.094577
42.412086,116,25.579886
23.974498,69,25.90242
32.356054,96,26.321979
1.605352,8,26.435791
0.683938,5,26.538913
37.517429,106,26.998111
0.743534,5,27.095109
7.790101,29,27.276096
44.322302,131,27.771001
-0.149317,2,27.861046
-0.164857,2,27.949945
26.947191,77,28.271846
-0.149759,2,28.359064
43.907534,123,28.827655
1.53614,8,28.944714
41.237998,120,29.394937
41.930145,126,29.855534
0.996035,6,29.955474
41.241497,124,30.404938
0.707897,5,30.505914
46.541085,128,30.976157
25.296377,75,31.283244
1.83217,9,31.393801
40.022195,115,31.817714
0.193281,3,31.906863
42.051927,114,32.349912
1.564899,8,32.456269
1.294502,7,32.559441
43.400479,127,35.034838
51.84462,150,35.577091
40.878823,120,36.01667
0.051031,3,36.113305
-0.5,1,36.197959
41.908749,128,36.664597
-0.149992,2,36.754767
38.296981,111,37.183929
-0.5,1,37.270573
45.234036,133,37.754486
-0.164911,2,37.841704
39.060658,114,38.289889
38.237236,108,38.700474
0.460702,4,38.792559
50.333453,144,39.340761
0.053458,3,39.43344
42.173636,118,39.88294
1.404312,8,39.987977
27.8195,85,40.32808
0.069057,3,40.424926
41.858793,124,40.87295
0.20374,3,40.963421
2.332275,11,41.078166
-0.5,1,41.166447
0.502495,4,41.260783
0.11231,3,41.363776
46.718534,128,41.825828
0.961716,6,41.92493
49.515991,135,42.406781
-0.157961,2,42.495744
44.352679,126,42.960479
-0.5,1,43.04353
-0.5,1,43.136349
49.455768,141,43.685791
33.012682,100,46.013105
42.600632,124,46.463678
9.242422,30,46.641834
44.582484,129,47.138961
0.034178,3,47.245646
3.571813,15,47.383393
0.628949,5,47.482919
38.668632,111,47.903056
4.692082,16,48.031002
44.815087,135,48.552691
0.989719,6,48.665076
47.987638,135,49.196084
-0.5,1,49.287487
49.643971,140,49.805527
38.565932,117,50.231955
44.390961,132,50.73737
-0.5,1,50.830587
37.527258,109,51.247055
21.187266,65,51.559246
0.98698,6,51.663461
41.687412,118,52.091952
38.689213,105,52.52053
1.322774,7,52.624749
0.085439,3,52.718572
39.705445,115,53.142954
1.582691,8,53.253361
0.455255,4,53.35072
42.589502,120,61.268821
127.807083,377,64.602721
0.856738,5,64.716935
47.55496,137,65.203073
0.405068,4,65.297899
25.541266,73,65.60794
40.898309,114,66.06736
34.258278,105,66.50628
38.598101,111,66.941143
42.837523,128,67.442792
20.655176,62,67.714831
-0.5,1,67.803043
41.350595,120,68.247624
0.523983,4,68.340438
41.717484,115,68.779028
36.781457,106,69.196038
0.448758,4,69.288653
43.917973,128,69.728529
2.931495,13,69.849103
0.08177,3,69.939678
36.151324,102,70.350448
48.463448,143,70.848446
0.664531,5,70.943061
-0.5,1,71.026923
36.042876,103,71.421627
0.727406,5,71.525962
46.462516,133,72.026281
32.231566,94,72.398956
44.665979,134,74.936951
0.954427,6,75.044525
15.472784,46,75.269922
42.501251,124,75.70344
1.304635,7,75.800695
1.281702,7,75.904531
41.884503,124,76.520669
135.772957,395,77.803525
1.112702,6,78.65835
39.415838,113,79.157993
41.819235,128,79.600466
49.214124,145,80.123385
0.447908,4,80.230748
40.702766,124,80.715428
48.038873,141,81.257799
-0.5,1,81.345425
0.975,6,81.448369
-0.5,1,81.532718
0.666497,5,81.635343
41.856321,122,82.125871
36.606543,104,82.526567
42.153753,116,82.968562
0.044965,3,83.058717
17.223178,52,83.292988
-0.166139,2,83.380589
0.080386,3,83.468229
44.437073,135,83.983568
17.640181,53,84.242693
-0.5,1,84.35943
38.725195,113,86.753716
44.099099,127,87.233662
-0.5,1,87.319309
1.478835,8,87.429837
42.805006,125,87.913624
0.931036,6,88.060975
0.931269,5,88.155637
45.349251,129,88.649973
40.731089,120,89.073503
41.025517,120,89.519011
-0.164438,2,89.604509
40.406672,110,90.011036
44.232796,134,90.499437
41.830489,119,90.925544
1.463283,7,91.023141
-0.5,1,91.12357
35.551529,105,91.509591
40.105236,115,91.92342
0.395614,4,92.026533
-0.5,1,92.110559
33.710616,98,92.469188
45.419243,135,92.933585
45.508783,134,93.402848
0.00199,3,93.492983
46.798349,139,93.993442
50.311952,146,94.522296
41.699652,121,96.944783
44.76078,123,97.385051
38.367352,114,97.815504
42.701235,119,98.251937
121.248058,373,99.598928
48.410745,147,100.146932
0.076299,3,100.239556
32.820825,97,100.675986
-0.5,1,100.773205
-0.166581,2,100.872606
3.249382,13,100.99974
0.061287,3,101.09492
44.124031,125,101.55677
-0.5,1,101.641798
-0.5,1,101.731956
40.49311,118,102.160048
43.304604,122,102.625787
50.322304,150,103.191502
2.435821,10,103.302831
0.144808,3,103.395428
27.917605,79,103.713906
31.28763,92,104.062437
41.910869,119,104.506568
45.223411,127,104.99701
41.345496,121,107.621087
-0.5,1,107.70694
38.787228,113,108.125533
-0.5,1,108.205963
41.393694,119,108.668926
1.793826,8,108.781647
37.297287,111,109.252916
36.969919,109,109.683933
30.196904,91,110.08451
39.835747,112,110.515437
39.261238,114,111.033647
-0.152071,2,111.134612
45.661718,133,111.638695
-0.17694,2,111.741013
43.748,127,112.287936
1.043315,6,112.394813
34.705438,103,112.82245
47.851974,143,113.35801
-0.14946,2,113.452933
-0.5,1,113.536107
17.141989,52,113.769926
0.364877,4,113.868485
42.006541,126,114.43773
36.439072,108,134.950178
0.516268,4,135.046185
-0.5,1,135.128986
0.831806,6,135.228554
40.790944,123,135.674518
-0.142888,2,135.767614
37.609488,108,136.177928
0.867607,5,136.269972
0.740951,5,136.363472
39.471623,117,136.781815
-0.5,1,136.868993
47.40982,138,139.334851
45.573808,131,139.801444
42.09802,124,140.279334
40.761251,120,140.739937
0.839476,5,140.834526
6.834287,22,140.97577
0.030736,3,141.064466
37.165588,113,141.465942
0.17258,3,141.557126
0.964654,6,141.665447
1.032313,6,141.78934
38.867918,115,142.240357
42.538219,122,142.702962
39.428865,122,143.228675
-0.153313,2,143.318299
33.657812,94,143.686573
38.893499,119,144.143177
-0.5,1,144.241906
41.991502,127,144.693187
39.189639,114,145.100567
44.01742,126,145.598773
48.141041,143,146.117017
1.410195,7,146.224982
48.313428,142,146.772433
0.216535,3,146.862514
42.051752,122,147.302511
42.880066,123,149.74857
-0.5,1,149.832678
25.596018,75,150.137553
43.045678,127,150.581805
37.312423,112,151.005819
37.694909,114,151.441451
0.989724,6,151.545824
12.111185,38,151.739033
37.386675,111,152.192446
38.800761,110,152.6059
39.561649,114,153.09279
37.169297,107,153.557023
38.472446,113,154.001433
53.885506,157,154.598698
-0.5,1,154.685312
0.869667,5,154.779451
-0.5,1,154.867947
42.071817,126,155.324963
38.998002,109,155.731924
-0.5,1,155.815694
40.498857,125,156.322475
0.757,5,156.416009
120.785588,372,157.714563
39.698312,116,160.211703
2.368081,10,160.352075
23.403562,70,160.67181
40.141875,117,161.14616
-0.5,1,161.235467
-0.5,1,161.324594
44.231486,135,161.881854
42.921326,126,162.360203
1.942959,9,162.471386
2.29546,10,162.584613
39.585708,114,163.111727
-0.5,1,163.194834
-0.170187,2,163.289141
41.526158,124,163.804635
44.5813,126,164.417301
43.429227,123,164.890894
43.771565,128,165.393097
-0.159993,2,165.484934
0.170046,3,165.578446
19.442184,57,165.853209
0.702322,5,165.958952
-0.5,1,166.054666
42.357564,120,166.574937
37.724475,110,167.016456
-0.5,1,167.104062
39.382097,115,167.554555
42.581877,126,168.045934
2.404626,11,168.168933
41.110173,123,168.632949
35.069826,106,169.145955
47.697617,136,171.6933
0.194096,3,171.784923
38.774418,109,172.176976
0.553048,4,172.268949
-0.5,1,172.352573
43.052749,128,172.832583
42.037318,121,173.295457
39.311814,110,173.754913
10.906359,36,173.950537
44.640492,126,174.419284
1.163502,7,174.523005
0.881845,5,174.618515
42.520928,118,175.096676
31.379017,94,175.479833
42.180153,121,175.9569
41.03995,120,176.424796
40.873415,120,176.890236
0.169773,3,176.985465
-0.5,1,177.077641
1.149571,6,177.179562
44.849831,129,177.652148
-0.166777,2,177.739781
44.823527,135,178.248245
37.135571,106,178.744687
40.522639,127,179.2461
0.389596,4,179.342746
-0.162251,2,179.431896
4.209437,17,179.565597
55.709763,153,180.226735
44.960135,135,182.807952
0.545507,4,182.909999
0.036581,3,183.007602
34.424607,103,183.423123
-0.142532,2,183.51198
1.757207,8,183.620273
37.496918,105,184.03004
40.748362,121,184.524937
-0.5,1,184.609015
42.654314,125,185.110836
0.168555,3,185.20665
37.594765,103,185.601705
37.882051,110,186.046146
45.934268,127,186.549939
40.651133,120,187.029595
43.025796,128,187.51194
43.071383,123,187.966994
37.868467,111,225.3268
-0.169467,2,225.412484
-0.5,1,225.49798
40.5296,120,225.925942
43.061756,126,226.380876
0.38884,4,226.472462
50.748132,152,227.029028
29.986972,87,227.393481
42.564401,125,227.832665
34.609909,102,230.146143
41.419824,118,230.585928
40.922176,116,231.016001
25.586428,75,231.322546
40.800442,116,231.743048
37.049024,109,232.186929
-0.5,1,232.26955
50.294369,147,232.806929
-0.5,1,232.890937
1.760371,8,232.993007
37.132547,112,233.398436
-0.5,1,233.493205
-0.5,1,233.580328
40.601156,116,234.007631
44.027314,127,234.478513
0.564306,5,234.573667
50.520519,148,235.12699
40.803964,115,235.566959
41.68598,119,236.058098
38.950762,110,236.515238
-0.5,1,236.600582
0.037205,3,236.695971
-0.143381,2,236.785938
44.73085,124,237.279443
43.720254,128,237.800745
-0.5,1,237.887933
-0.5,1,237.977611
-0.5,1,238.064742
50.394154,148,238.618761
45.620787,128,241.056366
43.429666,125,241.528079
0.165265,3,241.617437
45.360839,123,242.085163
40.784186,114,242.522957
47.536585,138,243.05626
-0.5,1,243.141945
42.211919,120,243.607552
32.717358,94,243.966695
-0.5,1,244.052798
2.595627,10,244.161486
0.037936,3,244.251004
41.002794,115,244.762988
55.050032,154,245.341488
41.637757,122,245.790203
1.592482,7,245.894862
10.338963,33,246.078702
43.825007,129,246.562183
42.555122,121,247.026415
12.711605,40,247.227557
0.189656,3,247.318502
40.829685,116,247.775529
0.093425,3,247.869684
12.772957,38,248.102711
0.754191,5,248.202603
41.730891,118,248.650457
36.911433,105,249.072321
0.186744,3,249.165936
-0.5,1,249.24938
44.117505,122,249.694719
41.744882,123,252.054849
-0.147259,2,252.144695
2.41931,9,252.253807
48.497379,142,252.777726
32.291968,93,253.144897
27.902092,83,253.484468
40.947371,117,253.910487
39.261003,111,254.335963
-0.5,1,254.425126
-0.162676,2,254.514741
0.090013,3,254.608965
37.898659,107,255.02055
44.797077,128,255.507769
37.64095,108,255.988257
1.224724,6,256.086143
38.375927,109,256.520155
46.514284,131,257.012534
38.412839,114,257.442498
37.19353,105,257.836037
40.231287,115,258.290028
93.415217,277,259.265714
49.368876,143,259.86591
45.486127,133,262.483732
35.153693,100,262.89468
40.121335,112,263.384955
49.796841,145,264.016402
34.697108,98,264.451994
40.246119,119,264.934689
37.526479,103,265.329445
32.612042,94,265.687946
-0.5,1,265.768933
-0.5,1,265.85008
35.863165,109,266.265942
45.1298,137,266.765973
34.025107,100,267.165941
43.470678,126,267.623217
19.073708,56,267.865536
43.027039,125,268.35461
48.413823,135,268.891087
38.056338,112,269.320044
38.57373,110,269.728793
1.031247,6,269.825982
41.984376,126,270.343401
46.094368,129,272.817462
-0.5,1,272.904459
39.473308,111,273.331789
44.649834,121,273.785029
41.272743,121,274.236358
32.207317,89,274.585083
39.339007,115,275.018183
51.549135,152,275.568028
1.5182,7,275.673198
46.855456,129,276.138159
40.415689,119,276.589173
46.110873,136,288.102432
42.79219,130,288.571486
40.398765,113,288.982524
36.262856,106,289.387644
27.705032,78,289.70069
48.820254,146,290.236004
48.294313,136,290.746451
40.516281,119,291.232049
51.484056,152,293.858503
57.527482,159,294.465019
2.946584,12,294.579571
43.985992,124,295.025666
45.129791,134,295.480718
37.501642,107,295.885966
41.005021,122,296.326876
4.37759,16,296.452702
-0.5,1,296.533818
1.524793,7,296.632705
1.299885,6,296.728828
43.590557,124,297.172256
49.61341,140,297.675933
-0.187603,2,297.762995
1.202158,6,297.86044
-0.153491,2,297.943761
37.835098,111,298.343026
42.704748,123,298.775614
4.648012,16,298.902558
0.526093,4,298.995438
17.870823,56,299.340546
44.243459,126,299.783716
48.347606,143,300.281627
42.353954,124,300.715813
20.291367,58,300.991183
12.640912,40,301.18793
-0.179713,2,301.274688
-0.158351,2,301.361318
37.742549,107,301.749926
-0.5,1,301.831892
45.922515,135,304.157036
53.298986,156,304.711763
41.498612,117,305.134621
13.296478,41,305.331764
47.825731,141,305.82793
38.531914,116,306.231706
0.485713,4,306.330649
36.509472,106,306.743708
45.350838,128,307.205711
49.652678,147,307.778433
0.509007,4,307.872977
-0.154415,2,307.960966
43.610653,129,308.491479
52.201333,147,309.071813
5.943562,21,309.218499
53.826516,161,309.811875
43.432824,129,310.276703
-0.5,1,310.358999
41.76097,119,310.815544
1.570408,8,310.930607
46.22923,150,311.453161
42.968878,116,311.860993
20.254456,60,313.983073
1.341663,7,314.109886
1.24428,6,314.20556
0.487644,4,314.297483
49.195248,136,314.766294
18.191161,51,314.986596
0.562854,4,315.082314
-0.154704,2,315.166946
52.573623,158,315.72487
1.331603,7,315.824592
1.250058,6,315.923104
-0.5,1,316.0059
46.416687,133,316.498008
43.294284,125,316.952499
34.839488,94,317.329654
41.011245,117,317.745929
11.488734,37,317.931809
50.353114,140,318.437601
39.422737,112,318.864495
43.754009,126,319.329666
35.154122,102,319.709583
44.660823,133,320.176594
50.718342,147,320.738727
45.533729,133,321.225415
22.997431,70,321.529714
40.354845,114,321.975528
45.457419,131,324.438534
46.101586,127,324.968499
0.143791,3,325.062161
39.283915,109,325.512917
-0.163355,2,325.601961
47.574463,132,326.07555
49.247631,129,326.554525
-0.5,1,326.647507
-0.5,1,326.733612
16.243311,48,326.965398
0.527896,4,327.05903
148.201429,431,328.481511
-0.5,1,328.569118
132.850947,404,329.844697
50.114362,142,330.348989
1.717974,8,330.454966
49.228165,142,330.964504
-0.148106,2,331.054681
0.10728,3,331.141996
3.671262,14,331.259561
-0.5,1,331.343029
135.883679,400,334.731961
50.000364,148,335.321988
2.982038,11,335.444729
1.1784,6,335.54296
52.647291,150,336.091395
2.688881,11,336.218913
-0.5,1,336.31568
1.063241,6,336.439704
0.512738,4,336.549948
-0.5,1,336.643565
12.647802,40,336.86761
138.455784,389,373.261395
41.943361,123,373.75479
2.969084,11,373.872938
48.336421,136,374.437409
43.051107,122,374.9607
45.890005,134,375.509953
1.58136,7,375.619579
3.290962,12,375.744742
2.046827,10,375.861466
44.842027,125,376.69452
38.694138,108,377.151603
44.764939,128,377.648989
15.092266,46,377.872998
53.743974,157,378.435109
40.596332,111,380.874928
45.733928,134,381.37
49.517634,146,381.893586
39.376469,112,382.333275
44.795384,130,382.869893
43.590484,126,383.353916
0.15796,3,383.446916
45.981609,138,383.947959
41.493256,119,384.408693
40.592579,112,384.880786
38.359906,110,385.278357
4.905533,19,385.424487
47.187819,132,385.92657
45.684493,126,386.402122
56.770308,160,386.987573
45.703049,136,387.481552
39.802598,111,387.912627
42.091744,120,388.332649
41.886666,123,390.873218
48.223641,139,391.380565
0.493555,4,391.472463
3.088079,11,391.590168
49.868229,141,392.150755
-0.173037,2,392.236385
44.719047,128,392.707517
0.216517,3,392.793247
137.333844,412,394.228006
44.15074,124,394.686917
11.763295,37,394.876619
50.052355,152,395.431938
36.714435,103,395.835397
45.689045,130,396.321333
57.299405,161,396.900422
54.832181,156,397.454465
7.172126,22,397.600422
-0.153861,2,397.697073
1.937328,8,397.801798
2.252988,9,397.906514
44.761117,133,398.401556
25.70136,74,398.729568
40.86003,120,401.225956
42.987207,125,401.683721
39.58429,112,402.094926
37.18914,104,402.4995
1.153271,6,402.599429
-0.5,1,402.684942
0.02665,3,402.778467
41.78659,122,403.275278
40.173439,111,403.724912
48.899116,136,404.251435
0.379875,4,404.34591
43.878182,128,404.842861
45.116392,131,405.326944
44.573831,139,405.819449
43.903365,130,406.353682
10.819496,33,406.527006
0.162129,3,406.617103
39.616824,115,407.038541
45.967392,126,407.508614
4.166983,15,407.64074
2.661283,10,407.75795
26.901987,76,408.053857
5.95107,20,408.200468
51.829542,145,408.718171
2.023958,9,408.825958
43.478257,126,409.303516
42.674309,121,411.726949
37.578701,106,412.118464
42.472159,122,412.561949
5.842843,19,412.70478
47.14059,137,413.197064
44.88321,138,413.692772
49.589633,142,414.246813
43.848737,126,414.707579
-0.5,1,414.791212
15.69822,45,415.003121
54.53193,160,415.636487
44.707041,126,416.121357
135.124615,417,417.564762
7.226577,24,417.721591
141.936055,417,421.534927
4.398679,15,421.66243
47.945102,140,422.243743
49.05103,134,422.730488
49.550995,146,423.288918
4.301965,15,423.425611
26.751159,79,423.831665
50.056271,140,455.893413
51.602703,148,456.437994
3.127597,11,456.553442
46.93592,140,457.077665
6.852042,23,457.227963
44.184274,132,457.750496
49.382592,137,458.25654
47.401132,136,458.748923
-0.155633,2,458.832936
45.034422,132,459.326466
51.841038,147,459.863718
43.495966,132,460.350762
45.806391,136,460.835264
35.893789,105,463.179482
44.082259,126,463.640064
41.594345,123,464.117326
1.566844,7,464.226036
40.996128,126,464.745921
50.378551,143,465.261617
44.956303,127,465.760462
45.037136,136,466.280874
45.456325,136,466.775789
19.855363,58,467.040543
4.636921,16,467.172908
24.242581,70,467.475461
38.170318,111,467.902792
49.119189,133,468.440845
43.155875,118,468.974919
43.409736,119,469.468936
1.476816,7,469.575505
41.586839,119,470.143027
45.005017,137,470.704947
-0.5,1,470.827023
0.206399,3,470.925939
1.238704,6,471.034945
2.453142,11,471.156423
42.851835,122,471.626961
41.831231,123,474.326991
1.579018,7,474.433624
21.107178,58,474.715547
16.543159,48,474.952426
0.191406,3,475.039105
50.979061,144,475.61921
20.360021,57,475.897664
123.118819,369,477.223427
0.051341,3,477.31544
17.675414,51,477.549972
10.188445,31,477.726934
42.064154,123,478.186937
45.593082,126,478.638462
49.120214,140,479.169454
48.283049,144,479.697431
38.946112,109,480.126246
43.905169,129,480.618504
2.002883,9,480.746997
39.878491,110,481.168938
51.503225,153,481.70141
7.045925,22,481.844887
41.57004,117,482.287932
45.614873,129,484.615421
1.572794,8,484.725655
2.26309,9,484.829813
52.155057,144,485.331514
50.375586,143,485.834454
58.345882,162,486.405945
36.570543,107,486.815301
44.491787,128,487.281454
57.335512,158,487.838995
-0.16764,2,487.930583
41.354732,123,488.413679
45.108786,132,488.922493
51.946763,150,489.464458
14.308366,42,489.695507
8.588501,27,489.855998
43.171783,124,490.310543
44.855084,124,490.7631
43.08592,125,491.248881
22.683003,63,491.52213
45.952091,127,491.970484
35.890417,98,494.388999
42.417173,118,494.843428
45.636414,135,495.377521
43.7678,125,495.868919
0.564466,4,495.961673
36.367118,102,496.359179
43.768878,126,496.844916
43.451718,122,497.311919
1.329559,6,497.414504
36.660773,98,497.816032
57.891376,167,498.417116
44.7427,126,498.88695
40.57906,119,499.375032
3.879183,14,499.498442
48.885707,131,499.983747
55.161732,154,500.527703
46.470783,137,501.0138
39.745647,121,501.440152
0.873792,5,501.535223
49.279769,146,502.063334
46.01029,137,504.516738
45.523078,129,505.136385
42.42432,125,505.726137
28.62234,79,527.08349
8.769174,27,527.243058
44.498809,117,527.676588
47.943574,133,528.149673
54.860359,150,528.695615
49.491159,134,529.217921
4.09659,14,529.344928
45.56859,138,529.840924
39.254725,106,530.243746
136.718476,411,531.546469
13.795896,40,531.745047
42.521079,123,532.207022
46.465815,134,532.734987
44.323755,128,535.542508
46.812173,131,536.097587
80.906901,234,536.94541
43.83418,123,537.520454
34.077543,96,537.904939
45.860996,130,538.49496
16.521288,46,538.781445
19.613623,58,539.048923
48.754863,137,539.577567
44.769724,129,540.087426
38.48887,107,540.529538
28.237389,76,540.870397
44.042575,126,541.339638
44.272424,135,541.82875
55.098636,153,542.402617
44.978183,122,542.872041
51.816737,145,543.43191
50.214794,133,545.92447
48.812971,136,546.418949
56.355695,156,546.963672
1.496299,7,547.063531
47.304757,133,547.555004
40.859248,124,548.000475
47.620934,134,548.49188
22.485983,65,548.766502
20.754987,60,549.02951
41.008986,126,549.497051
47.144574,138,549.984524
45.589763,132,550.456266
48.851415,133,550.932948
41.663941,119,551.368962
56.799431,157,551.901076
47.646482,139,552.409059
47.070473,137,552.897439
45.438473,138,555.295163
53.162262,144,555.806482
42.741802,120,556.246934
46.372415,133,556.731417
51.835222,147,557.267723
47.418512,127,557.743129
70.130548,195,558.422996
54.19491,148,558.987602
1.924648,8,559.091709
18.908478,52,559.330958
43.751614,129,559.796483
42.751383,119,560.236467
43.761259,122,560.687932
48.924545,135,561.157085
45.065707,123,561.617732
56.808208,159,562.182441
44.767829,123,562.639425
47.300645,125,565.036208
1.839895,8,565.140465
54.623702,156,565.707966
45.561121,130,566.18246
46.249174,130,566.669959
46.116853,129,567.153919
53.404553,155,567.714636
42.872094,122,568.162463
50.061811,146,568.700502
51.351652,142,569.260477
45.978676,124,569.81528
46.125496,124,570.295019
146.017453,414,571.686956
4.575054,16,571.816083
46.186257,125,572.282064
47.104423,131,574.657583
52.403331,142,608.76197
44.291552,125,609.465221
48.974821,138,610.051444
25.626895,68,610.398923
52.529734,139,610.955584
49.01375,153,611.520611
47.937559,128,612.098231
42.111764,116,612.536428
51.134478,139,613.051119
24.049461,68,613.344934
51.15479,142,613.876127
42.252988,132,614.362701
41.944391,129,614.847742
50.570521,137,615.400713
126.802719,380,618.827926
47.324691,137,619.372399
47.434798,135,619.869483
47.721398,128,620.371822
43.123596,122,620.838442
38.733227,108,621.258468
41.614422,117,621.697548
54.184866,152,622.24531
128.602158,354,623.485549
41.701762,114,623.918593
49.570325,139,624.483925
46.138113,130,624.967081
46.368159,128,625.435957
40.768375,116,627.897541
50.939664,136,628.400731
46.682419,138,628.90892
43.115249,122,629.377429
55.007174,155,629.968873
51.201045,147,630.502497
47.035792,130,630.99499
43.941804,118,631.449041
44.973497,130,631.95547
40.80367,114,632.399839
28.194964,74,632.717439
46.412562,124,633.211652
48.010943,133,633.716617
142.91767,432,635.179973
48.750157,129,637.515218
-0.010337,3,637.608423
8.027044,24,637.759159
52.749403,147,638.296576
47.540533,134,638.793368
43.859068,124,639.260095
42.704856,127,639.726768
7.062899,22,639.871931
56.545784,151,640.418896
45.842633,130,640.88148
50.543749,143,641.38592
48.229738,135,641.869842
39.773474,127,642.343427
48.971011,141,642.850919
54.507763,151,643.442414
48.115041,127,643.95098
49.702014,129,644.454941
0.491292,4,644.589923
12.33357,37,644.777471
21.859221,64,645.052926
51.254065,138,647.582629
76.581336,237,648.482023
53.474066,149,649.232929
49.665116,137,649.775043
53.586122,156,650.350689
142.452549,418,651.78452
44.459874,122,652.250965
51.264245,136,652.779658
54.747417,152,653.331842
48.608218,132,653.862213
47.391334,130,654.399244
48.712844,126,694.094794
52.992229,143,696.634891
44.165968,131,697.142023
146.938527,425,698.635741
53.48436,151,699.172627
24.762522,67,699.456459
125.499625,381,700.795043
45.7645,129,701.272493
47.444693,130,701.780128
51.251376,139,702.302428
46.602126,130,702.783612
44.704035,123,703.25787
48.543615,142,703.788056
46.89538,126,706.305558
46.782132,121,706.757535
58.027589,160,707.385933
45.890022,137,707.932948
47.511379,133,708.428504
48.534861,136,708.928936
44.226603,119,709.419534
141.332693,407,710.755234
45.500097,133,711.242054
43.069013,123,711.739957
33.02758,89,712.134585
15.542956,47,712.359016
49.343442,140,712.875514
42.79878,120,713.341487
43.663771,125,715.740498
0.030679,3,715.834689
96.1958,263,716.75343
52.609937,140,717.298219
40.694821,115,717.720106
58.130275,164,718.311964
41.855662,123,718.758468
50.684963,140,719.280051
57.534178,167,719.851585
47.340462,133,720.332493
46.721557,131,720.843507
51.282819,148,721.408708
148.933044,419,722.916166
47.527503,129,725.301448
40.763991,122,725.751725
48.409245,126,726.215538
47.495991,140,726.734557
131.539406,358,727.998153
41.991824,117,728.486984
49.673627,137,729.082433
57.422627,166,729.769272
45.85106,136,730.375978
48.96157,140,730.916922
48.140358,139,731.475032
48.801825,136,732.012777
151.694011,443,735.572625
26.280721,75,735.892894
131.390256,402,737.259861
52.256448,145,737.813536
45.460564,131,738.315162
42.889307,124,738.807299
220.561407,655,785.732379
49.790482,146,786.410688
47.7996,133,786.96495
49.873765,146,789.645169
135.145265,387,791.006551
128.966102,394,792.385552
41.729822,112,792.835106
80.86782,211,793.604842
48.629866,149,794.14843
45.624835,126,794.621353
10.359678,34,794.811706
51.565776,152,795.403374
51.753463,142,795.96492
0.063949,3,796.061469
50.61064,139,796.590932
45.603991,131,799.091675
121.33119,377,800.431437
50.317137,143,800.981
45.321257,139,801.512691
48.325679,139,802.041975
30.46633,83,802.39253
48.784909,137,802.897521
49.171074,132,803.403252
141.482142,417,804.883448
59.897277,160,805.496439
43.668399,124,806.023358
54.529324,144,806.592929
43.718836,124,809.152557
48.259433,133,809.666561
137.640706,418,811.565803
45.187131,127,812.19816
144.905221,436,814.204536
46.170023,130,814.82572
7.913876,26,815.033298
52.540531,150,815.763656
46.453637,131,816.404991
49.144773,135,817.039038
-0.5,1,817.136964
17.072571,51,817.461914
46.053658,129,818.104989
55.863983,147,821.257434
43.421916,116,821.820572
135.634311,410,823.633405
52.97418,154,824.336368
141.381537,419,826.139955
51.422933,145,826.836922
148.158934,432,828.716671
114.601643,326,831.918574
53.828883,152,832.487966
44.699141,118,833.001267
55.853973,156,833.62493
140.018366,422,835.353644
121.811736,369,836.697207
52.788608,157,837.312555
114.942846,315,859.704942
133.729627,408,863.614824
224.016479,676,866.034931
52.663857,148,866.604726
34.097357,95,867.003331
17.852367,51,867.255048
153.384172,439,868.719796
52.202329,140,869.265478
45.358447,130,869.758483
55.79854,145,870.3248
147.703114,409,873.774566
174.168565,513,875.528657
44.871213,122,876.014739
141.622694,436,877.570646
171.036662,519,879.343947
56.623452,164,879.943396
51.578666,145,882.494583
145.761955,417,883.958128
140.782706,386,885.22496
220.732494,693,887.631127
54.448077,150,888.219344
126.460987,385,891.497107
61.437919,170,892.142895
49.996849,146,892.72293
172.660761,521,894.486528
0.062678,3,894.580767
49.484837,141,895.116477
145.845733,411,896.646051
58.723262,162,897.276438
148.518115,430,900.840118
119.160428,333,902.197042
151.146285,436,903.656221
146.536229,439,937.870202
44.86192,126,938.384827
30.127248,88,938.735164
56.129062,160,939.351762
143.62817,424,941.039921
50.087187,141,944.549912
50.348673,146,945.14761
48.578031,135,945.680853
153.677227,440,947.293796
57.059498,160,947.893495
129.196734,380,949.259965
63.220641,177,949.941397
70.39317,185,950.673935
7.059005,24,950.862519
49.033855,138,951.372793
156.783834,440,955.150952
49.531792,139,955.66611
46.194274,133,956.232924
46.701056,125,956.758206
172.219524,518,958.979948
43.481346,120,959.54598
166.286436,516,961.431807
157.32913,444,965.103458
56.565332,158,965.731757
45.706044,128,966.227559
57.995065,154,966.839147
135.098342,401,968.344947
152.290463,418,969.823592
51.681181,142,970.353439
126.997454,377,971.720117
48.87227,140,974.514906
45.485181,126,975.074485
174.208815,519,977.312632
44.009263,132,977.958831
46.246603,130,978.555828
140.592627,401,980.149895
58.317901,154,980.796317
40.63596,113,981.277343
51.718448,141,981.842269
28.145432,79,982.241309
42.800805,119,982.763666
178.916122,490,986.822238
49.585729,145,987.399636
34.550628,98,987.799523
35.415213,101,988.269647
141.588262,414,1019.318947
49.105129,137,1019.842945
23.808394,65,1020.126926
29.639895,84,1020.554744
50.199798,151,1021.180145
135.086305,388,1024.628161
51.808618,146,1025.162935
79.294907,234,1025.990566
2.083157,9,1026.097822
40.411438,118,1026.543082
52.909768,153,1027.103612
95.255443,258,1027.97218
8.522441,27,1028.146879
169.935803,520,1030.028848
54.915936,147,1030.605819
-0.5,1,1030.696217
39.759291,113,1031.14818
134.274698,383,1034.695026
53.01632,152,1035.267456
31.849014,86,1035.616134
47.704738,129,1036.200979
40.657147,115,1036.654591
134.207504,393,1038.091515
44.088414,120,1038.586607
51.203757,159,1039.219496
233.715744,718,1041.714679
12.96346,37,1041.915329
56.605104,167,1045.212661
20.506193,57,1045.491535
12.519819,36,1045.704727
7.897914,25,1045.861937
45.462813,133,1046.364748
230.461263,696,1048.702247
43.194676,124,1049.187766
22.555521,65,1049.480982
52.620307,149,1050.079938
80.939031,234,1050.928926
44.068243,118,1051.380536
6.507753,21,1051.530927
79.481643,234,1052.420895
51.135899,143,1054.940965
147.810467,430,1056.469455
0.175641,3,1056.56394
238.904625,721,1058.933487
130.917046,375,1060.202528
42.470135,119,1060.678032
131.308755,388,1064.043478
64.18711,170,1064.706382
6.899313,22,1064.86713
49.994614,141,1065.413599
64.25596,176,1066.075529
10.798125,31,1066.269929
26.53734,72,1066.578051
